datas,semana,casospositivos_acumulados,casospositivos,casosate1,casos1a4,casos5a9,casos10a19,casos20a29,casos30a39,casos40a49,casos50a59,casosacima60,casosate1_acumulados,casos1a4_acumulados,casos5a9_acumulados,casos10a19_acumulados,casos20a29_acumulados,casos30a39_acumulados,casos40a49_acumulados,casos50a59_acumulados,casosacima60_acumulados,casosmulheres,casoshomens,casosmulheres_acumulado,casoshomens_acumulado,obitosconfirmados,obitosconfirmados_acumulados,obitosate1,obitos1a4,obitos5a9,obitos10a19,obitos20a29,obitos30a39,obitos40a49,obitos50a59,obitosacima60,obitosate1_acumulados,obitos1a4_acumulados,obitos5a9_acumulados,obitos10a19_acumulados,obitos20a29_acumulados,obitos30a39_acumulados,obitos40a49_acumulados,obitos50a59_acumulados,obitosacima60_acumulados,obitosmulheres,obitoshomens,obitosmulheres_acumulado,obitoshomens_acumulado,vacinasrecebidas,vacina_1dose,vacina_2dose,vacinasrecebidas_acumulada,vacina_1dose_acumulada,vacina_2dose_acumulada
2020-03-06,10,0,0,0,0,0,0,0,0,0,0,0,0,0,0,0,0,0,0,0,0,0,0,0,0,0,0,0,0,0,0,0,0,0,0,0,0,0,0,0,0,0,0,0,0,0,0,0,0,0,0,0,0,0,0
2020-03-07,10,0,0,0,0,0,0,0,0,0,0,0,0,0,0,0,0,0,0,0,0,0,0,0,0,0,0,0,0,0,0,0,0,0,0,0,0,0,0,0,0,0,0,0,0,0,0,0,0,0,0,0,0,0,0
2020-03-08,11,0,0,0,0,0,0,0,0,0,0,0,0,0,0,0,0,0,0,0,0,0,0,0,0,0,0,0,0,0,0,0,0,0,0,0,0,0,0,0,0,0,0,0,0,0,0,0,0,0,0,0,0,0,0
2020-03-09,11,0,0,0,0,0,0,0,0,0,0,0,0,0,0,0,0,0,0,0,0,0,0,0,0,0,0,0,0,0,0,0,0,0,0,0,0,0,0,0,0,0,0,0,0,0,0,0,0,0,0,0,0,0,0
2020-03-10,11,0,0,0,0,0,0,0,0,0,0,0,0,0,0,0,0,0,0,0,0,0,0,0,0,0,0,0,0,0,0,0,0,0,0,0,0,0,0,0,0,0,0,0,0,0,0,0,0,0,0,0,0,0,0
2020-03-11,11,0,0,0,0,0,0,0,0,0,0,0,0,0,0,0,0,0,0,0,0,0,0,0,0,0,0,0,0,0,0,0,0,0,0,0,0,0,0,0,0,0,0,0,0,0,0,0,0,0,0,0,0,0,0
2020-03-12,11,0,0,0,0,0,0,0,0,0,0,0,0,0,0,0,0,0,0,0,0,0,0,0,0,0,0,0,0,0,0,0,0,0,0,0,0,0,0,0,0,0,0,0,0,0,0,0,0,0,0,0,0,0,0
2020-03-13,11,0,0,0,0,0,0,0,0,0,0,0,0,0,0,0,0,0,0,0,0,0,0,0,0,0,0,0,0,0,0,0,0,0,0,0,0,0,0,0,0,0,0,0,0,0,0,0,0,0,0,0,0,0,0
2020-03-14,11,0,0,0,0,0,0,0,0,0,0,0,0,0,0,0,0,0,0,0,0,0,0,0,0,0,0,0,0,0,0,0,0,0,0,0,0,0,0,0,0,0,0,0,0,0,0,0,0,0,0,0,0,0,0
2020-03-15,12,0,0,0,0,0,0,0,0,0,0,0,0,0,0,0,0,0,0,0,0,0,0,0,0,0,0,0,0,0,0,0,0,0,0,0,0,0,0,0,0,0,0,0,0,0,0,0,0,0,0,0,0,0,0
2020-03-16,12,0,0,0,0,0,0,0,0,0,0,0,0,0,0,0,0,0,0,0,0,0,0,0,0,0,0,0,0,0,0,0,0,0,0,0,0,0,0,0,0,0,0,0,0,0,0,0,0,0,0,0,0,0,0
2020-03-17,12,2,2,0,0,0,0,2,0,0,0,0,0,0,0,0,2,0,0,0,0,2,0,2,0,0,0,0,0,0,0,0,0,0,0,0,0,0,0,0,0,0,0,0,0,0,0,0,0,0,0,0,0,0,0
2020-03-18,12,2,0,0,0,0,0,0,0,0,0,0,0,0,0,0,2,0,0,0,0,0,0,2,0,0,0,0,0,0,0,0,0,0,0,0,0,0,0,0,0,0,0,0,0,0,0,0,0,0,0,0,0,0,0
2020-03-19,12,2,0,0,0,0,0,0,0,0,0,0,0,0,0,0,2,0,0,0,0,0,0,2,0,0,0,0,0,0,0,0,0,0,0,0,0,0,0,0,0,0,0,0,0,0,0,0,0,0,0,0,0,0,0
2020-03-20,12,3,1,0,0,0,0,0,1,0,0,0,0,0,0,0,2,1,0,0,0,1,0,3,0,0,0,0,0,0,0,0,0,0,0,0,0,0,0,0,0,0,0,0,0,0,0,0,0,0,0,0,0,0,0
2020-03-21,12,0,0,0,0,0,0,0,0,0,0,0,0,0,0,0,0,0,0,0,0,0,0,0,0,0,0,0,0,0,0,0,0,0,0,0,0,0,0,0,0,0,0,0,0,0,0,0,0,0,0,0,0,0,0
2020-03-22,13,3,0,0,0,0,0,0,0,0,0,0,0,0,0,0,2,1,0,0,0,0,0,3,0,0,0,0,0,0,0,0,0,0,0,0,0,0,0,0,0,0,0,0,0,0,0,0,0,0,0,0,0,0,0
2020-03-23,13,4,1,0,0,0,0,0,0,0,1,0,0,0,0,0,2,1,0,1,0,1,0,4,0,0,0,0,0,0,0,0,0,0,0,0,0,0,0,0,0,0,0,0,0,0,0,0,0,0,0,0,0,0,0
2020-03-24,13,8,4,0,0,0,0,1,1,1,0,1,0,0,0,0,3,2,1,1,1,3,1,7,1,0,0,0,0,0,0,0,0,0,0,0,0,0,0,0,0,0,0,0,0,0,0,0,0,0,0,0,0,0,0
2020-03-25,13,10,2,0,0,0,0,0,1,1,0,0,0,0,0,0,3,3,2,1,1,1,1,8,2,0,0,0,0,0,0,0,0,0,0,0,0,0,0,0,0,0,0,0,0,0,0,0,0,0,0,0,0,0,0
2020-03-26,13,12,2,0,0,0,0,0,0,1,0,1,0,0,0,0,3,3,3,1,2,2,0,10,2,1,1,0,0,0,0,0,0,0,0,1,0,0,0,0,0,0,0,0,1,1,0,1,0,0,0,0,0,0,0
2020-03-27,13,12,0,0,0,0,0,0,0,0,0,0,0,0,0,0,3,3,3,1,2,0,0,10,2,0,1,0,0,0,0,0,0,0,0,0,0,0,0,0,0,0,0,0,1,0,0,0,0,0,0,0,0,0,0
2020-03-28,13,14,2,0,0,0,0,0,0,0,0,2,0,0,0,0,3,3,3,1,4,0,2,10,4,0,1,0,0,0,0,0,0,0,0,0,0,0,0,0,0,0,0,0,1,0,0,0,0,0,0,0,0,0,0
2020-03-29,14,15,1,0,0,0,0,0,0,0,1,0,0,0,0,0,3,3,3,2,4,1,0,11,4,0,1,0,0,0,0,0,0,0,0,0,0,0,0,0,0,0,0,0,1,0,0,0,0,0,0,0,0,0,0
2020-03-30,14,23,8,0,0,0,0,0,4,1,0,3,0,0,0,0,3,7,4,2,7,6,2,17,6,0,1,0,0,0,0,0,0,0,0,0,0,0,0,0,0,0,0,0,1,0,0,0,0,0,0,0,0,0,0
2020-03-31,14,32,9,0,0,0,0,1,1,3,2,2,0,0,0,0,4,8,7,4,9,5,4,22,10,2,3,0,0,0,0,0,0,1,0,1,0,0,0,0,0,0,1,0,2,0,2,1,2,0,0,0,0,0,0
2020-04-01,14,43,11,0,0,0,0,0,7,2,1,1,0,0,0,0,4,15,9,5,10,10,1,32,11,1,4,0,0,0,0,0,0,1,0,0,0,0,0,0,0,0,2,0,2,0,1,1,3,0,0,0,0,0,0
2020-04-02,14,48,5,0,0,0,0,0,2,1,0,2,0,0,0,0,4,17,10,5,12,4,1,36,12,0,4,0,0,0,0,0,0,0,0,0,0,0,0,0,0,0,2,0,2,0,0,0,0,0,0,0,0,0,0
2020-04-03,14,63,15,0,0,0,0,1,4,4,5,1,0,0,0,0,5,21,14,10,13,10,5,46,17,0,4,0,0,0,0,0,0,0,0,0,0,0,0,0,0,0,2,0,2,0,0,0,0,0,0,0,0,0,0
2020-04-04,14,69,6,0,0,0,0,1,1,2,1,1,0,0,0,0,6,22,16,11,14,2,4,48,21,0,4,0,0,0,0,0,0,0,0,0,0,0,0,0,0,0,2,0,2,0,0,0,0,0,0,0,0,0,0
2020-04-05,15,74,5,0,0,0,0,0,1,4,0,0,0,0,0,0,6,23,20,11,14,3,2,51,23,1,5,0,0,0,0,0,0,0,0,1,0,0,0,0,0,0,2,0,3,1,0,2,3,0,0,0,0,0,0
2020-04-06,15,92,18,0,0,1,0,1,7,2,3,4,0,0,1,0,7,30,22,14,18,11,7,62,30,0,5,0,0,0,0,0,0,0,0,0,0,0,0,0,0,0,2,0,3,0,0,0,0,0,0,0,0,0,0
2020-04-07,15,101,9,0,0,0,0,0,1,5,3,0,0,0,1,0,7,31,27,17,18,5,4,67,34,0,5,0,0,0,0,0,0,0,0,0,0,0,0,0,0,0,2,0,3,0,0,0,0,0,0,0,0,0,0
2020-04-08,15,112,11,0,1,0,0,1,2,2,3,2,0,1,1,0,8,33,29,20,20,6,5,73,39,0,5,0,0,0,0,0,0,0,0,0,0,0,0,0,0,0,2,0,3,0,0,0,0,0,0,0,0,0,0
2020-04-09,15,121,9,0,0,0,0,0,2,3,2,2,0,1,1,0,8,35,32,22,22,4,5,77,44,0,5,0,0,0,0,0,0,0,0,0,0,0,0,0,0,0,2,0,3,0,0,0,0,0,0,0,0,0,0
2020-04-10,15,127,6,0,0,0,0,0,0,2,0,4,0,1,1,0,8,35,34,22,26,4,2,81,46,0,5,0,0,0,0,0,0,0,0,0,0,0,0,0,0,0,2,0,3,0,0,0,0,0,0,0,0,0,0
2020-04-11,15,130,3,0,0,0,0,0,0,2,1,0,0,1,1,0,8,35,36,23,26,3,0,84,46,3,8,0,0,0,0,0,0,0,0,3,0,0,0,0,0,0,2,0,6,2,1,4,4,0,0,0,0,0,0
2020-04-12,16,138,8,0,0,0,0,1,1,3,0,3,0,1,1,0,9,36,39,23,29,5,3,89,49,0,8,0,0,0,0,0,0,0,0,0,0,0,0,0,0,0,2,0,6,0,0,0,0,0,0,0,0,0,0
2020-04-13,16,159,21,0,0,0,0,2,3,7,4,5,0,1,1,0,11,39,46,27,34,15,6,104,55,0,8,0,0,0,0,0,0,0,0,0,0,0,0,0,0,0,2,0,6,0,0,0,0,0,0,0,0,0,0
2020-04-14,16,171,12,0,0,0,0,1,3,4,1,3,0,1,1,0,12,42,50,28,37,6,6,110,61,0,8,0,0,0,0,0,0,0,0,0,0,0,0,0,0,0,2,0,6,0,0,0,0,0,0,0,0,0,0
2020-04-15,16,188,17,0,0,0,0,1,4,10,2,0,0,1,1,0,13,46,60,30,37,15,2,125,63,0,8,0,0,0,0,0,0,0,0,0,0,0,0,0,0,0,2,0,6,0,0,0,0,0,0,0,0,0,0
2020-04-16,16,212,24,0,1,1,0,0,8,5,5,4,0,2,2,0,13,54,65,35,41,20,4,145,67,3,11,0,0,0,0,1,0,0,0,2,0,0,0,0,1,0,2,0,8,2,1,6,5,0,0,0,0,0,0
2020-04-17,16,223,11,0,0,0,0,2,4,4,1,0,0,2,2,0,15,58,69,36,41,9,2,154,69,0,11,0,0,0,0,0,0,0,0,0,0,0,0,0,1,0,2,0,8,0,0,0,0,0,0,0,0,0,0
2020-04-18,16,227,4,0,0,0,0,0,0,2,0,2,0,2,2,0,15,58,71,36,43,3,1,157,70,0,11,0,0,0,0,0,0,0,0,0,0,0,0,0,1,0,2,0,8,0,0,0,0,0,0,0,0,0,0
2020-04-19,17,243,16,0,0,0,0,2,4,5,1,4,0,2,2,0,17,62,76,37,47,8,8,165,78,1,12,0,0,0,0,0,0,1,0,0,0,0,0,0,1,0,3,0,8,0,1,6,6,0,0,0,0,0,0
2020-04-20,17,258,15,0,0,0,0,0,1,2,8,4,0,2,2,0,17,63,78,45,51,6,9,171,87,2,14,0,0,0,0,0,0,0,0,2,0,0,0,0,1,0,3,0,10,0,2,6,8,0,0,0,0,0,0
2020-04-21,17,264,6,0,0,0,0,0,0,5,0,1,0,2,2,0,17,63,83,45,52,3,3,174,90,1,15,0,0,0,0,0,1,0,0,0,0,0,0,0,1,1,3,0,10,1,0,7,8,0,0,0,0,0,0
2020-04-22,17,274,10,0,0,0,0,2,2,1,2,3,0,2,2,0,19,65,84,47,55,5,5,179,95,0,15,0,0,0,0,0,0,0,0,0,0,0,0,0,1,1,3,0,10,0,0,0,0,0,0,0,0,0,0
2020-04-23,17,300,26,0,0,0,0,2,5,7,6,6,0,2,2,0,21,70,91,53,61,20,6,199,101,0,15,0,0,0,0,0,0,0,0,0,0,0,0,0,1,1,3,0,10,0,0,0,0,0,0,0,0,0,0
2020-04-24,17,327,27,0,0,0,0,3,4,6,3,11,0,2,2,0,24,74,97,56,72,20,7,219,108,2,17,0,0,0,0,0,1,0,0,1,0,0,0,0,1,2,3,0,11,1,1,8,9,0,0,0,0,0,0
2020-04-25,17,344,17,0,0,0,0,2,5,1,2,7,0,2,2,0,26,79,98,58,79,11,6,230,114,3,20,0,0,0,0,0,0,0,0,3,0,0,0,0,1,2,3,0,14,3,0,11,9,0,0,0,0,0,0
2020-04-26,18,351,7,0,0,0,0,1,2,2,1,1,0,2,2,0,27,81,100,59,80,3,4,233,118,2,22,0,0,0,0,0,0,0,0,2,0,0,0,0,1,2,3,0,16,2,0,13,9,0,0,0,0,0,0
2020-04-27,18,388,37,0,0,0,0,2,12,10,5,8,0,2,2,0,29,93,110,64,88,24,13,257,131,1,23,0,0,0,0,0,0,0,0,1,0,0,0,0,1,2,3,0,17,1,0,14,9,0,0,0,0,0,0
2020-04-28,18,407,19,0,0,0,0,3,5,2,3,6,0,2,2,0,32,98,112,67,94,14,5,271,136,0,23,0,0,0,0,0,0,0,0,0,0,0,0,0,1,2,3,0,17,0,0,0,0,0,0,0,0,0,0
2020-04-29,18,430,23,0,0,0,2,1,4,5,8,3,0,2,2,2,33,102,117,75,97,12,11,283,147,1,24,0,0,0,0,0,0,0,1,0,0,0,0,0,1,2,3,1,17,0,1,14,10,0,0,0,0,0,0
2020-04-30,18,465,35,1,0,0,1,2,4,14,5,8,1,2,2,3,35,106,131,80,105,20,15,303,162,2,26,0,0,0,0,0,0,0,0,2,0,0,0,0,1,2,3,1,19,0,2,14,12,0,0,0,0,0,0
2020-05-01,18,496,31,0,0,0,0,4,5,7,3,12,1,2,2,3,39,111,138,83,117,18,13,321,175,2,28,0,0,0,0,0,0,0,1,1,0,0,0,0,1,2,3,2,20,1,1,15,13,0,0,0,0,0,0
2020-05-02,18,516,20,1,0,0,1,2,2,9,3,2,2,2,2,4,41,113,147,86,119,8,12,329,187,2,30,0,0,0,0,0,0,0,0,2,0,0,0,0,1,2,3,2,22,2,0,17,13,0,0,0,0,0,0
2020-05-03,19,527,11,0,0,0,0,0,1,4,5,1,2,2,2,4,41,114,151,91,120,6,5,335,192,2,32,0,0,0,0,0,0,0,0,2,0,0,0,0,1,2,3,2,24,2,0,19,13,0,0,0,0,0,0
2020-05-04,19,559,32,0,0,0,0,4,8,9,3,8,2,2,2,4,45,122,160,94,128,17,15,352,207,1,33,0,0,0,0,0,0,0,0,1,0,0,0,0,1,2,3,2,25,0,1,19,14,0,0,0,0,0,0
2020-05-05,19,595,36,0,0,0,0,6,5,6,7,12,2,2,2,4,51,127,166,101,140,17,19,369,226,1,34,0,0,0,0,0,0,0,0,1,0,0,0,0,1,2,3,2,26,1,0,20,14,0,0,0,0,0,0
2020-05-06,19,633,38,0,0,0,0,7,8,8,4,11,2,2,2,4,58,135,174,105,151,17,21,386,247,3,37,0,0,0,0,0,0,1,1,1,0,0,0,0,1,2,4,3,27,1,2,21,16,0,0,0,0,0,0
2020-05-07,19,655,22,0,0,0,1,5,10,3,2,1,2,2,2,5,63,145,177,107,152,9,13,395,260,4,41,0,0,0,0,0,0,0,0,4,0,0,0,0,1,2,4,3,31,1,3,22,19,0,0,0,0,0,0
2020-05-08,19,683,28,0,1,2,0,3,4,9,7,2,2,3,4,5,66,149,186,114,154,16,12,411,272,2,43,0,0,0,0,0,0,1,0,1,0,0,0,0,1,2,5,3,32,1,1,23,20,0,0,0,0,0,0
2020-05-09,19,707,24,0,0,0,0,2,11,3,2,6,2,3,4,5,68,160,189,116,160,13,11,424,283,1,44,0,0,0,0,0,0,0,0,1,0,0,0,0,1,2,5,3,33,0,1,23,21,0,0,0,0,0,0
2020-05-10,20,722,15,0,0,0,0,1,3,3,2,6,2,3,4,5,69,163,192,118,166,6,9,430,292,4,48,0,0,0,0,0,0,0,1,3,0,0,0,0,1,2,5,4,36,2,2,25,23,0,0,0,0,0,0
2020-05-11,20,759,37,0,0,0,0,4,5,9,12,7,2,3,4,5,73,168,201,130,173,13,24,443,316,3,51,0,0,0,0,0,0,0,1,2,0,0,0,0,1,2,5,5,38,1,2,26,25,0,0,0,0,0,0
2020-05-12,20,792,33,0,0,0,1,4,7,9,3,9,2,3,4,6,77,175,210,133,182,15,18,458,334,3,54,0,0,0,0,0,0,0,0,3,0,0,0,0,1,2,5,5,41,2,1,28,26,0,0,0,0,0,0
2020-05-13,20,859,67,0,0,0,2,13,18,15,9,10,2,3,4,8,90,193,225,142,192,26,41,484,375,4,58,0,0,0,0,0,0,0,1,3,0,0,0,0,1,2,5,6,44,0,4,28,30,0,0,0,0,0,0
2020-05-14,20,902,43,0,1,0,2,4,14,9,10,3,2,4,4,10,94,207,234,152,195,23,20,507,395,4,62,0,0,0,0,0,0,0,0,4,0,0,0,0,1,2,5,6,48,2,2,30,32,0,0,0,0,0,0
2020-05-15,20,978,76,0,1,1,1,10,15,23,10,15,2,5,5,11,104,222,257,162,210,35,41,542,436,3,65,0,0,0,0,0,0,0,0,3,0,0,0,0,1,2,5,6,51,1,2,31,34,0,0,0,0,0,0
2020-05-16,20,1004,26,0,0,0,0,3,3,7,7,6,2,5,5,11,107,225,264,169,216,18,8,560,444,4,69,0,0,0,0,0,1,0,0,3,0,0,0,0,1,3,5,6,54,3,1,34,35,0,0,0,0,0,0
2020-05-17,21,1024,20,0,0,1,0,0,5,3,3,8,2,5,6,11,107,230,267,172,224,7,13,567,457,3,72,0,0,0,0,0,0,0,0,3,0,0,0,0,1,3,5,6,57,0,3,34,38,0,0,0,0,0,0
2020-05-18,21,1121,97,0,1,0,0,6,27,15,6,42,2,6,6,11,113,257,282,178,266,57,40,624,497,5,77,0,0,0,0,0,0,1,2,2,0,0,0,0,1,3,6,8,59,2,3,36,41,0,0,0,0,0,0
2020-05-19,21,1197,76,0,0,1,1,11,14,15,8,26,2,6,7,12,124,271,297,186,292,42,34,666,531,1,78,0,0,0,0,0,0,0,1,0,0,0,0,0,1,3,6,9,59,0,1,36,42,0,0,0,0,0,0
2020-05-20,21,1257,60,0,0,0,2,9,12,13,10,14,2,6,7,14,133,283,310,196,306,33,27,699,558,2,80,0,0,0,0,0,0,0,1,1,0,0,0,0,1,3,6,10,60,1,1,37,43,0,0,0,0,0,0
2020-05-21,21,1354,97,1,1,1,0,20,15,25,12,22,3,7,8,14,153,298,335,208,328,50,47,749,605,4,84,0,0,0,0,0,0,0,1,3,0,0,0,0,1,3,6,11,63,1,3,38,46,0,0,0,0,0,0
2020-05-22,21,1425,71,0,0,0,2,15,10,19,13,12,3,7,8,16,168,308,354,221,340,30,41,779,646,2,86,0,0,0,0,0,0,0,1,1,0,0,0,0,1,3,6,12,64,1,1,39,47,0,0,0,0,0,0
2020-05-23,21,1489,64,0,0,0,1,11,13,13,14,12,3,7,8,17,179,321,367,235,352,26,38,805,684,5,91,0,0,0,0,0,0,0,2,3,0,0,0,0,1,3,6,14,67,2,3,41,50,0,0,0,0,0,0
2020-05-24,22,1529,40,0,0,0,1,10,8,8,6,7,3,7,8,18,189,329,375,241,359,21,19,826,703,5,96,0,0,0,0,0,0,1,2,2,0,0,0,0,1,3,7,16,69,2,3,43,53,0,0,0,0,0,0
2020-05-25,22,1585,56,0,0,0,3,6,10,12,10,15,3,7,8,21,195,339,387,251,374,31,25,857,728,3,99,0,0,0,0,0,0,2,0,1,0,0,0,0,1,3,9,16,70,1,2,44,55,0,0,0,0,0,0
2020-05-26,22,1672,87,0,1,0,3,12,13,21,19,18,3,8,8,24,207,352,408,270,392,47,40,904,768,5,104,0,0,0,0,0,0,0,0,5,0,0,0,0,1,3,9,16,75,3,2,47,57,0,0,0,0,0,0
2020-05-27,22,1751,79,0,2,1,1,12,14,25,16,8,3,10,9,25,219,366,433,286,400,40,39,944,807,5,109,0,0,0,0,0,0,1,0,4,0,0,0,0,1,3,10,16,79,4,1,51,58,0,0,0,0,0,0
2020-05-28,22,1829,78,0,0,1,0,10,17,23,12,15,3,10,10,25,229,383,456,298,415,44,34,988,841,2,111,0,0,0,0,0,0,0,0,2,0,0,0,0,1,3,10,16,81,0,2,51,60,0,0,0,0,0,0
2020-05-29,22,1907,78,0,1,1,4,8,7,22,17,18,3,11,11,29,237,390,478,315,433,36,42,1024,883,9,120,0,0,0,0,0,2,0,1,6,0,0,0,0,1,5,10,17,87,4,5,55,65,0,0,0,0,0,0
2020-05-30,22,1956,49,0,0,1,2,11,14,8,7,6,3,11,12,31,248,404,486,322,439,19,30,1043,913,5,125,0,0,0,0,0,0,0,1,4,0,0,0,0,1,5,10,18,91,2,3,57,68,0,0,0,0,0,0
2020-05-31,23,2000,44,0,0,0,3,1,13,11,4,12,3,11,12,34,249,417,497,326,451,27,17,1070,930,4,129,0,0,0,0,0,0,0,1,3,0,0,0,0,1,5,10,19,94,0,4,57,72,0,0,0,0,0,0
2020-06-01,23,2077,77,0,0,0,3,4,17,22,16,15,3,11,12,37,253,434,519,342,466,36,41,1106,971,5,134,0,0,0,0,0,0,0,1,4,0,0,0,0,1,5,10,20,98,1,4,58,76,0,0,0,0,0,0
2020-06-02,23,2175,98,1,1,0,2,11,27,24,16,16,4,12,12,39,264,461,543,358,482,63,35,1169,1006,5,139,0,0,0,0,0,0,0,2,3,0,0,0,0,1,5,10,22,101,2,3,60,79,0,0,0,0,0,0
2020-06-03,23,2259,84,0,0,0,2,14,23,19,13,13,4,12,12,41,278,484,562,371,495,40,44,1209,1050,0,139,0,0,0,0,0,0,0,0,0,0,0,0,0,1,5,10,22,101,0,0,0,0,0,0,0,0,0,0
2020-06-04,23,2339,80,0,2,2,1,6,21,16,16,15,4,14,14,42,284,505,578,387,510,39,41,1248,1091,4,143,0,0,0,0,0,0,0,0,4,0,0,0,0,1,5,10,22,105,2,2,62,81,0,0,0,0,0,0
2020-06-05,23,2435,96,0,0,0,4,15,21,18,21,17,4,14,14,46,299,526,596,408,527,51,45,1299,1136,2,145,0,0,0,0,0,0,0,0,2,0,0,0,0,1,5,10,22,107,1,1,63,82,0,0,0,0,0,0
2020-06-06,23,2486,51,0,0,0,0,9,13,14,7,8,4,14,14,46,308,539,610,415,535,29,22,1328,1158,6,151,0,0,0,0,0,0,2,0,4,0,0,0,0,1,5,12,22,111,1,5,64,87,0,0,0,0,0,0
2020-06-07,24,2554,68,0,0,0,0,12,15,19,8,14,4,14,14,46,320,554,629,423,549,39,29,1367,1187,4,155,0,0,0,0,0,0,0,1,3,0,0,0,0,1,5,12,23,114,2,2,66,89,0,0,0,0,0,0
2020-06-08,24,2662,108,0,0,0,0,9,22,33,19,24,4,14,14,46,329,576,662,442,573,56,52,1423,1239,7,162,0,0,0,0,0,0,0,2,5,0,0,0,0,1,5,12,25,119,3,4,69,93,0,0,0,0,0,0
2020-06-09,24,2760,98,0,0,0,3,9,36,20,16,14,4,14,14,49,338,612,682,458,587,55,43,1478,1282,7,169,0,0,0,0,0,1,1,0,5,0,0,0,0,1,6,13,25,124,1,6,70,99,0,0,0,0,0,0
2020-06-10,24,2833,73,0,0,0,1,9,20,20,12,11,4,14,14,50,347,632,702,470,598,32,41,1510,1323,5,174,0,0,0,0,0,0,1,1,3,0,0,0,0,1,6,14,26,127,2,3,72,102,0,0,0,0,0,0
2020-06-11,24,2916,83,0,1,1,3,9,14,23,14,18,4,15,15,53,356,646,725,484,616,48,35,1558,1358,4,178,0,0,0,0,0,0,1,0,3,0,0,0,0,1,6,15,26,130,2,2,74,104,0,0,0,0,0,0
2020-06-12,24,3022,106,0,0,0,5,11,17,32,17,23,4,15,15,58,367,663,757,501,639,52,54,1610,1412,3,181,0,0,0,0,0,0,1,0,2,0,0,0,0,1,6,16,26,132,1,2,75,106,0,0,0,0,0,0
2020-06-13,24,3088,66,0,0,0,1,9,17,11,11,17,4,15,15,59,376,680,768,512,656,24,42,1634,1454,8,189,0,0,0,0,0,0,0,1,7,0,0,0,0,1,6,16,27,139,2,6,77,112,0,0,0,0,0,0
2020-06-14,25,3129,41,0,0,1,1,2,7,10,8,12,4,15,16,60,378,687,778,520,668,23,18,1657,1472,4,193,0,0,0,0,0,0,0,0,4,0,0,0,0,1,6,16,27,143,2,2,79,114,0,0,0,0,0,0
2020-06-15,25,3234,105,0,0,1,5,15,22,28,14,20,4,15,17,65,393,709,806,534,688,54,51,1711,1523,3,196,0,0,0,0,0,0,1,0,2,0,0,0,0,1,6,17,27,145,2,1,81,115,0,0,0,0,0,0
2020-06-16,25,3371,137,0,0,2,4,18,30,35,20,28,4,15,19,69,411,739,841,554,716,79,58,1790,1581,4,200,0,0,0,0,0,0,0,1,3,0,0,0,0,1,6,17,28,148,2,2,83,117,0,0,0,0,0,0
2020-06-17,25,3491,120,0,2,1,5,20,28,31,19,14,4,17,20,74,431,767,872,573,730,62,58,1852,1639,3,203,0,0,0,0,0,0,0,1,2,0,0,0,0,1,6,17,29,150,1,2,84,119,0,0,0,0,0,0
2020-06-18,25,3586,95,0,1,2,0,12,24,27,11,18,4,18,22,74,443,791,899,584,748,46,49,1898,1688,2,205,0,0,0,0,0,0,0,1,1,0,0,0,0,1,6,17,30,151,1,1,85,120,0,0,0,0,0,0
2020-06-19,25,3714,128,0,0,0,8,21,28,36,18,17,4,18,22,82,464,819,935,602,765,58,70,1956,1758,7,212,0,0,0,0,0,0,0,1,6,0,0,0,0,1,6,17,31,157,2,5,87,125,0,0,0,0,0,0
2020-06-20,25,3771,57,0,0,1,2,6,11,15,10,12,4,18,23,84,470,830,950,612,777,29,28,1985,1786,4,216,0,0,0,0,0,0,2,0,2,0,0,0,0,1,6,19,31,159,0,4,87,129,0,0,0,0,0,0
2020-06-21,26,3809,38,0,0,3,1,6,6,7,7,8,4,18,26,85,476,836,957,619,785,24,14,2009,1800,3,219,0,0,0,0,0,0,0,0,3,0,0,0,0,1,6,19,31,162,1,2,88,131,0,0,0,0,0,0
2020-06-22,26,3887,78,0,0,0,5,9,21,19,11,13,4,18,26,90,485,857,976,630,798,43,35,2052,1835,6,225,0,0,0,0,0,0,2,1,3,0,0,0,0,1,6,21,32,165,2,4,90,135,0,0,0,0,0,0
2020-06-23,26,3953,66,0,0,1,3,12,13,17,9,11,4,18,27,93,497,870,993,639,809,40,26,2092,1861,6,231,0,0,0,0,0,0,0,0,6,0,0,0,0,1,6,21,32,171,3,3,93,138,0,0,0,0,0,0
2020-06-24,26,4019,66,0,1,0,0,4,17,14,11,19,4,19,27,93,501,887,1007,650,828,32,34,2124,1895,5,236,0,0,0,0,0,0,0,1,4,0,0,0,0,1,6,21,33,175,2,3,95,141,0,0,0,0,0,0
2020-06-25,26,4067,48,0,0,1,0,8,12,13,11,3,4,19,28,93,509,899,1020,661,831,22,26,2146,1921,6,242,0,0,0,0,0,0,0,1,5,0,0,0,0,1,6,21,34,180,3,3,98,144,0,0,0,0,0,0
2020-06-26,26,4142,75,0,0,1,1,5,24,21,14,8,4,19,29,94,514,923,1041,675,839,35,40,2181,1961,4,246,0,0,0,0,0,0,0,0,4,0,0,0,0,1,6,21,34,184,4,0,102,144,0,0,0,0,0,0
2020-06-27,26,4186,44,0,0,1,2,8,7,16,6,4,4,19,30,96,522,930,1057,681,843,21,23,2202,1984,3,249,0,0,0,0,0,0,1,1,1,0,0,0,0,1,6,22,35,185,2,1,104,145,0,0,0,0,0,0
2020-06-28,27,4218,32,0,1,1,0,5,6,6,6,7,4,20,31,96,527,936,1063,687,850,13,19,2215,2003,5,254,0,0,0,0,0,0,1,1,3,0,0,0,0,1,6,23,36,188,2,3,106,148,0,0,0,0,0,0
2020-06-29,27,4289,71,0,0,1,1,16,15,15,13,10,4,20,32,97,543,951,1078,700,860,37,34,2252,2037,2,256,0,0,0,0,0,0,0,0,2,0,0,0,0,1,6,23,36,190,1,1,107,149,0,0,0,0,0,0
2020-06-30,27,4346,57,0,0,2,3,7,13,9,6,17,4,20,34,100,550,964,1087,706,877,35,22,2287,2059,2,258,0,0,0,0,0,0,1,0,1,0,0,0,0,1,6,24,36,191,0,2,107,151,0,0,0,0,0,0
2020-07-01,27,4400,54,0,0,0,2,9,7,8,14,14,4,20,34,102,559,971,1095,720,891,28,26,2315,2085,3,261,0,0,0,0,0,0,0,0,3,0,0,0,0,1,6,24,36,194,2,1,109,152,0,0,0,0,0,0
2020-07-02,27,4440,40,0,1,0,0,9,11,8,6,5,4,21,34,102,568,982,1103,726,896,24,16,2339,2101,1,262,0,0,0,0,0,0,0,0,1,0,0,0,0,1,6,24,36,195,0,1,109,153,0,0,0,0,0,0
2020-07-03,27,4508,68,0,0,0,4,11,12,11,14,16,4,21,34,106,579,994,1114,740,912,34,34,2373,2135,2,264,0,0,0,0,0,0,1,0,1,0,0,0,0,1,6,25,36,196,1,1,110,154,0,0,0,0,0,0
2020-07-04,27,4566,58,0,0,2,0,5,14,15,6,16,4,21,36,106,584,1008,1129,746,928,25,33,2398,2168,2,266,0,0,0,0,0,0,1,0,1,0,0,0,0,1,6,26,36,197,1,1,111,155,0,0,0,0,0,0
2020-07-05,28,4591,25,0,0,0,1,3,10,5,3,3,4,21,36,107,587,1018,1134,749,931,11,14,2409,2182,4,270,0,0,0,0,0,0,0,1,3,0,0,0,0,1,6,26,37,200,1,3,112,158,0,0,0,0,0,0
2020-07-06,28,4650,59,0,0,0,2,7,13,14,11,12,4,21,36,109,594,1031,1148,760,943,28,31,2437,2213,1,271,0,0,0,0,0,0,0,0,1,0,0,0,0,1,6,26,37,201,0,1,112,159,0,0,0,0,0,0
2020-07-07,28,4716,66,0,0,1,3,7,13,21,11,10,4,21,37,112,601,1044,1169,771,953,26,40,2463,2253,2,273,0,0,0,0,0,0,0,0,2,0,0,0,0,1,6,26,37,203,1,1,113,160,0,0,0,0,0,0
2020-07-08,28,4808,92,0,0,1,1,14,14,23,19,20,4,21,38,113,615,1058,1192,790,973,31,61,2494,2314,3,276,0,0,0,0,0,0,0,1,2,0,0,0,0,1,6,26,38,205,1,2,114,162,0,0,0,0,0,0
2020-07-09,28,4850,42,0,0,0,1,5,7,11,4,14,4,21,38,114,620,1065,1203,794,987,23,19,2517,2333,1,277,0,0,0,0,0,0,0,0,1,0,0,0,0,1,6,26,38,206,1,0,115,162,0,0,0,0,0,0
2020-07-10,28,4880,30,0,0,0,1,3,10,5,6,5,4,21,38,115,623,1075,1208,800,992,12,18,2529,2351,3,280,0,0,0,0,0,0,0,0,3,0,0,0,0,1,6,26,38,209,1,2,116,164,0,0,0,0,0,0
2020-07-11,28,4917,37,0,0,0,0,2,10,7,9,9,4,21,38,115,625,1085,1215,809,1001,13,24,2542,2375,4,284,0,0,0,0,0,0,0,1,3,0,0,0,0,1,6,26,39,212,2,2,118,166,0,0,0,0,0,0
2020-07-12,29,4935,18,0,0,0,1,1,3,4,5,4,4,21,38,116,626,1088,1219,814,1005,7,11,2549,2386,5,289,0,0,0,0,0,0,1,1,3,0,0,0,0,1,6,27,40,215,2,3,120,169,0,0,0,0,0,0
2020-07-13,29,4996,61,0,0,1,3,7,16,11,11,12,4,21,39,119,633,1104,1230,825,1017,33,28,2582,2414,4,293,0,0,0,0,0,0,1,1,2,0,0,0,0,1,6,28,41,217,2,2,122,171,0,0,0,0,0,0
2020-07-14,29,5048,52,0,0,0,0,9,16,11,2,14,4,21,39,119,642,1120,1241,827,1031,20,32,2602,2446,3,296,0,0,0,0,0,0,0,1,2,0,0,0,0,1,6,28,42,219,2,1,124,172,0,0,0,0,0,0
2020-07-15,29,5092,44,0,0,0,2,2,10,12,9,9,4,21,39,121,644,1130,1253,836,1040,25,19,2627,2465,1,297,0,0,0,0,0,0,0,0,1,0,0,0,0,1,6,28,42,220,0,1,124,173,0,0,0,0,0,0
2020-07-16,29,5148,56,0,1,1,0,11,8,8,6,21,4,22,40,121,655,1138,1261,842,1061,23,33,2650,2498,4,301,0,0,0,0,1,0,0,0,3,0,0,0,0,2,6,28,42,223,3,1,127,174,0,0,0,0,0,0
2020-07-17,29,5184,36,0,0,1,2,5,5,7,7,9,4,22,41,123,660,1143,1268,849,1070,14,22,2664,2520,3,304,0,0,0,0,0,0,1,0,2,0,0,0,0,2,6,29,42,225,0,3,127,177,0,0,0,0,0,0
2020-07-18,29,5214,30,0,0,0,1,4,6,11,3,5,4,22,41,124,664,1149,1279,852,1075,13,17,2677,2537,4,308,0,0,0,0,0,0,1,0,3,0,0,0,0,2,6,30,42,228,2,2,129,179,0,0,0,0,0,0
2020-07-19,30,5231,17,0,0,0,0,2,3,2,2,8,4,22,41,124,666,1152,1281,854,1083,6,11,2683,2548,0,308,0,0,0,0,0,0,0,0,0,0,0,0,0,2,6,30,42,228,0,0,0,0,0,0,0,0,0,0
2020-07-20,30,5297,66,0,0,0,1,4,15,14,17,15,4,22,41,125,670,1167,1295,871,1098,35,31,2718,2579,0,308,0,0,0,0,0,0,0,0,0,0,0,0,0,2,6,30,42,228,0,0,0,0,0,0,0,0,0,0
2020-07-21,30,5385,88,0,0,0,1,15,21,23,11,17,4,22,41,126,685,1188,1318,882,1115,36,52,2754,2631,5,313,0,0,0,0,0,0,1,0,4,0,0,0,0,2,6,31,42,232,1,4,130,183,0,0,0,0,0,0
2020-07-22,30,5445,60,0,2,1,2,12,13,13,10,7,4,24,42,128,697,1201,1331,892,1122,31,29,2785,2660,2,315,0,0,0,0,0,0,0,0,2,0,0,0,0,2,6,31,42,234,1,1,131,184,0,0,0,0,0,0
2020-07-23,30,5493,48,0,0,2,1,4,14,6,9,12,4,24,44,129,701,1215,1337,901,1134,25,23,2810,2683,3,318,0,0,0,0,0,0,0,0,3,0,0,0,0,2,6,31,42,237,1,2,132,186,0,0,0,0,0,0
2020-07-24,30,5544,51,0,1,1,0,9,11,8,9,12,4,25,45,129,710,1226,1345,910,1146,27,24,2837,2707,2,320,0,0,0,0,0,0,0,0,2,0,0,0,0,2,6,31,42,239,0,2,132,188,0,0,0,0,0,0
2020-07-25,30,5567,23,0,1,0,1,4,4,9,2,2,4,26,45,130,714,1230,1354,912,1148,10,13,2847,2720,2,322,0,0,0,0,0,0,0,1,1,0,0,0,0,2,6,31,43,240,1,1,133,189,0,0,0,0,0,0
2020-07-26,31,5583,16,0,0,0,0,2,5,3,3,3,4,26,45,130,716,1235,1357,915,1151,13,3,2860,2723,0,322,0,0,0,0,0,0,0,0,0,0,0,0,0,2,6,31,43,240,0,0,0,0,0,0,0,0,0,0
2020-07-27,31,5620,37,0,1,0,1,6,8,6,6,9,4,27,45,131,722,1243,1363,921,1160,22,15,2882,2738,1,323,0,0,0,0,0,0,0,0,1,0,0,0,0,2,6,31,43,241,1,0,134,189,0,0,0,0,0,0
2020-07-28,31,5649,29,0,0,1,0,3,3,6,9,7,4,27,46,131,725,1246,1369,930,1167,12,17,2894,2755,2,325,0,0,0,0,0,0,0,0,2,0,0,0,0,2,6,31,43,243,0,2,134,191,0,0,0,0,0,0
2020-07-29,31,5703,54,0,0,1,3,7,13,14,7,8,4,27,47,134,732,1259,1383,937,1175,22,32,2916,2787,1,326,0,0,0,0,0,0,0,0,1,0,0,0,0,2,6,31,43,244,0,1,134,192,0,0,0,0,0,0
2020-07-30,31,5739,36,0,0,1,0,5,9,7,7,7,4,27,48,134,737,1268,1390,944,1182,16,20,2932,2807,1,327,0,0,0,0,0,0,0,0,1,0,0,0,0,2,6,31,43,245,1,0,135,192,0,0,0,0,0,0
2020-07-31,31,5780,41,0,0,1,0,6,9,15,4,5,4,27,49,134,743,1277,1405,948,1187,19,22,2951,2829,0,327,0,0,0,0,0,0,0,0,0,0,0,0,0,2,6,31,43,245,0,0,0,0,0,0,0,0,0,0
2020-08-01,31,5802,22,0,0,0,0,1,5,5,7,4,4,27,49,134,744,1282,1410,955,1191,7,15,2958,2844,5,332,0,0,0,0,0,0,1,2,2,0,0,0,0,2,6,32,45,247,2,3,137,195,0,0,0,0,0,0
2020-08-02,32,5813,11,0,0,0,0,4,2,1,2,2,4,27,49,134,748,1284,1411,957,1193,9,2,2967,2846,2,334,0,0,0,0,0,0,0,0,2,0,0,0,0,2,6,32,45,249,2,0,139,195,0,0,0,0,0,0
2020-08-03,32,5831,18,0,1,2,1,1,5,5,2,1,4,28,51,135,749,1289,1416,959,1194,9,9,2976,2855,4,338,0,0,0,0,0,0,0,1,3,0,0,0,0,2,6,32,46,252,3,1,142,196,0,0,0,0,0,0
2020-08-04,32,5861,30,0,0,0,1,4,2,14,5,4,4,28,51,136,753,1291,1430,964,1198,19,11,2995,2866,2,340,0,0,0,0,0,0,0,0,2,0,0,0,0,2,6,32,46,254,0,2,142,198,0,0,0,0,0,0
2020-08-05,32,5911,50,0,0,0,0,9,11,12,11,7,4,28,51,136,762,1302,1442,975,1205,22,28,3017,2894,2,342,0,0,0,0,0,0,0,0,2,0,0,0,0,2,6,32,46,256,1,1,143,199,0,0,0,0,0,0
2020-08-06,32,5949,38,0,0,2,0,2,12,12,6,3,4,28,53,136,764,1314,1454,981,1208,17,21,3034,2915,2,344,0,0,0,0,0,0,0,0,2,0,0,0,0,2,6,32,46,258,1,1,144,200,0,0,0,0,0,0
2020-08-07,32,6000,51,0,0,3,6,7,5,13,9,6,4,28,56,142,771,1319,1467,990,1214,20,31,3054,2946,1,345,0,0,0,0,0,0,0,0,1,0,0,0,0,2,6,32,46,259,0,1,144,201,0,0,0,0,0,0
2020-08-08,32,6017,17,0,0,0,1,3,1,6,1,5,4,28,56,143,774,1320,1473,991,1219,6,11,3060,2957,1,346,0,0,0,0,0,0,0,0,1,0,0,0,0,2,6,32,46,260,0,1,144,202,0,0,0,0,0,0
2020-08-09,33,6030,13,0,0,0,0,1,2,3,1,6,4,28,56,143,775,1322,1476,992,1225,7,6,3067,2963,0,346,0,0,0,0,0,0,0,0,0,0,0,0,0,2,6,32,46,260,0,0,0,0,0,0,0,0,0,0
2020-08-10,33,6070,40,0,0,1,1,8,10,10,5,5,4,28,57,144,783,1332,1486,997,1230,23,17,3090,2980,0,346,0,0,0,0,0,0,0,0,0,0,0,0,0,2,6,32,46,260,0,0,0,0,0,0,0,0,0,0
2020-08-11,33,6104,34,0,0,0,0,7,8,6,6,7,4,28,57,144,790,1340,1492,1003,1237,19,15,3109,2995,0,346,0,0,0,0,0,0,0,0,0,0,0,0,0,2,6,32,46,260,0,0,0,0,0,0,0,0,0,0
2020-08-12,33,6131,27,0,1,0,1,2,4,8,2,7,4,29,57,145,792,1344,1500,1005,1244,11,16,3120,3011,1,347,0,0,0,0,0,0,0,1,0,0,0,0,0,2,6,32,47,260,1,0,145,202,0,0,0,0,0,0
2020-08-13,33,6176,45,0,0,1,1,6,12,11,6,7,4,29,58,146,798,1356,1511,1011,1251,23,22,3143,3033,0,347,0,0,0,0,0,0,0,0,0,0,0,0,0,2,6,32,47,260,0,0,0,0,0,0,0,0,0,0
2020-08-14,33,6211,35,0,0,0,2,3,8,10,5,7,4,29,58,148,801,1364,1521,1016,1258,16,19,3159,3052,1,348,0,0,0,0,0,1,0,0,0,0,0,0,0,2,7,32,47,260,0,1,145,203,0,0,0,0,0,0
2020-08-15,33,6245,34,0,0,0,1,7,5,8,5,8,4,29,58,149,808,1369,1529,1021,1266,23,11,3182,3063,3,351,0,0,0,0,0,0,0,0,3,0,0,0,0,2,7,32,47,263,2,1,147,204,0,0,0,0,0,0
2020-08-16,34,6270,25,0,0,0,0,5,4,5,8,3,4,29,58,149,813,1373,1534,1029,1269,12,13,3194,3076,4,355,0,0,0,0,0,0,0,0,4,0,0,0,0,2,7,32,47,267,2,2,149,206,0,0,0,0,0,0
2020-08-17,34,6323,53,0,0,0,2,4,16,14,5,12,4,29,58,151,817,1389,1548,1034,1281,34,19,3228,3095,1,356,0,0,0,0,0,0,0,0,1,0,0,0,0,2,7,32,47,268,1,0,150,206,0,0,0,0,0,0
2020-08-18,34,6346,23,0,0,0,0,4,6,3,4,3,4,29,58,151,821,1395,1551,1038,1284,7,16,3235,3111,0,356,0,0,0,0,0,0,0,0,0,0,0,0,0,2,7,32,47,268,0,0,0,0,0,0,0,0,0,0
2020-08-19,34,6375,29,0,0,1,1,5,7,8,2,5,4,29,59,152,826,1402,1559,1040,1289,12,17,3247,3128,1,357,0,0,0,0,0,0,0,0,1,0,0,0,0,2,7,32,47,269,0,1,150,207,0,0,0,0,0,0
2020-08-20,34,6397,22,0,0,0,0,1,6,4,4,7,4,29,59,152,827,1408,1563,1044,1296,8,14,3255,3142,2,359,0,0,0,0,0,0,0,1,1,0,0,0,0,2,7,32,48,270,1,1,151,208,0,0,0,0,0,0
2020-08-21,34,6437,40,0,0,0,1,6,6,9,6,10,4,29,59,153,833,1414,1572,1050,1306,16,24,3271,3166,1,360,0,0,0,0,0,0,0,0,1,0,0,0,0,2,7,32,48,271,0,1,151,209,0,0,0,0,0,0
2020-08-22,34,6456,19,0,0,0,0,3,2,6,3,5,4,29,59,153,836,1416,1578,1053,1311,10,9,3281,3175,4,364,0,0,0,0,0,0,0,2,2,0,0,0,0,2,7,32,50,273,1,3,152,212,0,0,0,0,0,0
2020-08-23,35,6475,19,0,0,0,0,1,2,5,7,4,4,29,59,153,837,1418,1583,1060,1315,10,9,3291,3184,1,365,0,0,0,0,0,0,0,0,1,0,0,0,0,2,7,32,50,274,1,0,153,212,0,0,0,0,0,0
2020-08-24,35,6516,41,0,0,0,3,8,12,5,5,8,4,29,59,156,845,1430,1588,1065,1323,24,17,3315,3201,2,367,0,0,0,0,0,0,0,1,1,0,0,0,0,2,7,32,51,275,1,1,154,213,0,0,0,0,0,0
2020-08-25,35,6560,44,0,0,0,0,6,18,9,4,7,4,29,59,156,851,1448,1597,1069,1330,25,19,3340,3220,1,368,0,0,0,0,1,0,0,0,0,0,0,0,0,3,7,32,51,275,0,1,154,214,0,0,0,0,0,0
2020-08-26,35,6587,27,0,0,0,1,4,5,7,5,5,4,29,59,157,855,1453,1604,1074,1335,12,15,3352,3235,2,370,0,0,0,0,0,0,0,1,1,0,0,0,0,3,7,32,52,276,2,0,156,214,0,0,0,0,0,0
2020-08-27,35,6619,32,0,0,0,1,4,7,9,6,5,4,29,59,158,859,1460,1613,1080,1340,14,18,3366,3253,2,372,0,0,0,0,0,0,0,0,2,0,0,0,0,3,7,32,52,278,0,2,156,216,0,0,0,0,0,0
2020-08-28,35,6674,55,0,0,1,0,3,20,11,9,10,4,29,60,158,862,1480,1624,1089,1350,27,28,3393,3281,2,374,0,0,0,0,0,0,0,1,1,0,0,0,0,3,7,32,53,279,1,1,157,217,0,0,0,0,0,0
2020-08-29,35,6700,26,0,0,0,1,0,5,6,3,10,4,29,60,159,862,1485,1630,1092,1360,11,15,3404,3296,1,375,0,0,0,0,0,0,1,0,0,0,0,0,0,3,7,33,53,279,1,0,158,217,0,0,0,0,0,0
2020-08-30,36,6720,20,0,0,0,1,0,3,7,4,5,4,29,60,160,862,1488,1637,1096,1365,11,9,3415,3305,1,376,0,0,0,0,0,0,0,0,1,0,0,0,0,3,7,33,53,280,1,0,159,217,0,0,0,0,0,0
2020-08-31,36,6756,36,0,0,0,2,7,6,10,6,5,4,29,60,162,869,1494,1647,1102,1370,19,17,3434,3322,5,381,0,0,0,0,0,0,0,0,5,0,0,0,0,3,7,33,53,285,3,2,162,219,0,0,0,0,0,0
2020-09-01,36,6791,35,0,0,0,0,7,9,7,7,5,4,29,60,162,876,1503,1654,1109,1375,20,15,3454,3337,3,384,0,0,0,0,0,0,0,2,1,0,0,0,0,3,7,33,55,286,2,1,164,220,0,0,0,0,0,0
2020-09-02,36,6827,36,0,0,0,1,12,6,4,3,8,4,29,60,163,888,1509,1658,1112,1383,19,17,3473,3354,2,386,0,0,0,0,0,1,0,0,1,0,0,0,0,3,8,33,55,287,2,0,166,220,0,0,0,0,0,0
2020-09-03,36,6852,25,0,0,0,0,3,6,6,2,8,4,29,60,163,891,1515,1664,1114,1391,15,10,3488,3364,0,386,0,0,0,0,0,0,0,0,0,0,0,0,0,3,8,33,55,287,0,0,0,0,0,0,0,0,0,0
2020-09-04,36,6895,43,0,1,1,2,3,5,7,11,13,4,30,61,165,894,1520,1671,1125,1404,25,18,3513,3382,5,391,0,0,0,0,0,0,0,1,4,0,0,0,0,3,8,33,56,291,1,4,167,224,0,0,0,0,0,0
2020-09-05,36,6916,21,0,0,0,2,2,4,4,5,4,4,30,61,167,896,1524,1675,1130,1408,8,13,3521,3395,3,394,0,0,0,0,0,0,0,0,3,0,0,0,0,3,8,33,56,294,2,1,169,225,0,0,0,0,0,0
2020-09-06,37,6934,18,0,0,0,0,4,2,3,4,5,4,30,61,167,900,1526,1678,1134,1413,11,7,3532,3402,3,397,0,0,0,0,0,0,1,0,2,0,0,0,0,3,8,34,56,296,2,1,171,226,0,0,0,0,0,0
2020-09-07,37,6951,17,0,0,0,1,2,2,7,4,1,4,30,61,168,902,1528,1685,1138,1414,8,9,3540,3411,2,399,0,0,0,0,0,1,0,0,1,0,0,0,0,3,9,34,56,297,0,2,171,228,0,0,0,0,0,0
2020-09-08,37,7001,50,0,0,1,0,11,10,10,6,12,4,30,62,168,913,1538,1695,1144,1426,32,18,3572,3429,5,404,0,0,0,0,0,0,0,0,5,0,0,0,0,3,9,34,56,302,2,3,173,231,0,0,0,0,0,0
2020-09-09,37,7035,34,0,0,0,0,5,9,7,6,7,4,30,62,168,918,1547,1702,1150,1433,16,18,3588,3447,0,404,0,0,0,0,0,0,0,0,0,0,0,0,0,3,9,34,56,302,0,0,0,0,0,0,0,0,0,0
2020-09-10,37,7059,24,0,0,0,0,5,4,4,5,6,4,30,62,168,923,1551,1706,1155,1439,9,15,3597,3462,2,406,0,0,0,0,1,0,0,0,1,0,0,0,0,4,9,34,56,303,2,0,175,231,0,0,0,0,0,0
2020-09-11,37,7090,31,0,0,0,0,4,10,8,2,7,4,30,62,168,927,1561,1714,1157,1446,16,15,3613,3477,2,408,0,0,1,0,0,1,0,0,0,0,0,1,0,4,10,34,56,303,1,1,176,232,0,0,0,0,0,0
2020-09-12,37,7100,10,0,0,0,0,3,2,1,0,4,4,30,62,168,930,1563,1715,1157,1450,5,5,3618,3482,1,409,0,0,0,0,0,0,0,0,1,0,0,1,0,4,10,34,56,304,1,0,177,232,0,0,0,0,0,0
2020-09-13,38,7116,16,0,0,0,1,4,3,1,4,3,4,30,62,169,934,1566,1716,1161,1453,7,9,3625,3491,1,410,0,0,0,0,0,1,0,0,0,0,0,1,0,4,11,34,56,304,0,1,177,233,0,0,0,0,0,0
2020-09-14,38,7147,31,0,0,0,1,6,6,8,4,5,4,30,62,170,940,1572,1724,1165,1458,16,15,3641,3506,2,412,0,0,0,0,0,0,0,0,2,0,0,1,0,4,11,34,56,306,1,1,178,234,0,0,0,0,0,0
2020-09-15,38,7184,37,1,0,1,1,6,8,12,3,5,5,30,63,171,946,1580,1736,1168,1463,17,20,3658,3526,2,414,0,0,0,0,0,0,0,0,2,0,0,1,0,4,11,34,56,308,1,1,179,235,0,0,0,0,0,0
2020-09-16,38,7212,28,0,0,0,0,3,7,6,3,9,5,30,63,171,949,1587,1742,1171,1472,20,8,3678,3534,1,415,0,0,0,0,0,0,0,0,1,0,0,1,0,4,11,34,56,309,1,0,180,235,0,0,0,0,0,0
2020-09-17,38,7236,24,0,0,0,0,3,9,10,1,1,5,30,63,171,952,1596,1752,1172,1473,15,9,3693,3543,3,418,0,0,0,0,0,0,1,0,2,0,0,1,0,4,11,35,56,311,2,1,182,236,0,0,0,0,0,0
2020-09-18,38,7266,30,0,0,0,1,4,6,8,6,4,5,30,63,172,956,1602,1760,1178,1477,16,14,3709,3557,3,421,0,0,0,0,0,0,1,0,2,0,0,1,0,4,11,36,56,313,0,3,182,239,0,0,0,0,0,0
2020-09-19,38,7281,15,0,0,0,0,2,2,6,1,4,5,30,63,172,958,1604,1766,1179,1481,7,8,3716,3565,2,423,0,0,0,0,0,0,0,0,2,0,0,1,0,4,11,36,56,315,1,1,183,240,0,0,0,0,0,0
2020-09-20,39,7287,6,0,0,0,0,2,2,2,0,0,5,30,63,172,960,1606,1768,1179,1481,5,1,3721,3566,2,425,0,0,0,0,0,0,0,0,2,0,0,1,0,4,11,36,56,317,1,1,184,241,0,0,0,0,0,0
2020-09-21,39,7318,31,0,0,0,1,8,12,3,5,2,5,30,63,173,968,1618,1771,1184,1483,19,12,3740,3578,2,427,0,0,0,0,0,1,0,0,1,0,0,1,0,4,12,36,56,318,2,0,186,241,0,0,0,0,0,0
2020-09-22,39,7349,31,0,1,0,0,6,13,6,3,2,5,31,63,173,974,1631,1777,1187,1485,15,16,3755,3594,2,429,0,0,0,0,0,0,2,0,0,0,0,1,0,4,12,38,56,318,1,1,187,242,0,0,0,0,0,0
2020-09-23,39,7376,27,0,0,1,1,3,6,8,4,4,5,31,64,174,977,1637,1785,1191,1489,14,13,3769,3607,1,430,0,0,0,0,0,0,0,0,1,0,0,1,0,4,12,38,56,319,0,1,187,243,0,0,0,0,0,0
2020-09-24,39,7406,30,0,0,0,1,4,14,4,3,4,5,31,64,175,981,1651,1789,1194,1493,17,13,3786,3620,0,430,0,0,0,0,0,0,0,0,0,0,0,1,0,4,12,38,56,319,0,0,0,0,0,0,0,0,0,0
2020-09-25,39,7433,27,0,0,1,1,4,8,6,3,4,5,31,65,176,985,1659,1795,1197,1497,16,11,3802,3631,1,431,0,0,0,0,0,0,0,0,1,0,0,1,0,4,12,38,56,320,0,1,187,244,0,0,0,0,0,0
2020-09-26,39,7458,25,0,0,0,1,5,7,8,1,3,5,31,65,177,990,1666,1803,1198,1500,13,12,3815,3643,0,431,0,0,0,0,0,0,0,0,0,0,0,1,0,4,12,38,56,320,0,0,0,0,0,0,0,0,0,0
2020-09-27,40,7466,8,0,0,0,0,1,0,1,3,3,5,31,65,177,991,1666,1804,1201,1503,4,4,3819,3647,1,432,0,0,0,0,0,0,1,0,0,0,0,1,0,4,12,39,56,320,0,1,187,245,0,0,0,0,0,0
2020-09-28,40,7492,26,0,0,0,1,7,6,5,5,2,5,31,65,178,998,1672,1809,1206,1505,13,13,3832,3660,0,432,0,0,0,0,0,0,0,0,0,0,0,1,0,4,12,39,56,320,0,0,0,0,0,0,0,0,0,0
2020-09-29,40,7537,45,0,0,1,3,9,8,14,4,6,5,31,66,181,1007,1680,1823,1210,1511,22,23,3854,3683,2,434,0,0,0,0,0,0,0,0,2,0,0,1,0,4,12,39,56,322,1,1,188,246,0,0,0,0,0,0
2020-09-30,40,7553,16,0,0,0,3,4,5,4,0,0,5,31,66,184,1011,1685,1827,1210,1511,10,6,3864,3689,1,435,0,0,0,0,0,0,1,0,0,0,0,1,0,4,12,40,56,322,0,1,188,247,0,0,0,0,0,0
2020-10-01,40,7599,46,0,0,0,4,2,9,14,12,5,5,31,66,188,1013,1694,1841,1222,1516,22,24,3886,3713,1,436,0,0,0,0,0,0,0,1,0,0,0,1,0,4,12,40,57,322,1,0,189,247,0,0,0,0,0,0
2020-10-02,40,7655,56,0,0,0,0,5,16,22,8,5,5,31,66,188,1018,1710,1863,1230,1521,27,29,3913,3742,1,437,0,0,0,0,0,0,0,0,1,0,0,1,0,4,12,40,57,323,1,0,190,247,0,0,0,0,0,0
2020-10-03,40,7665,10,0,0,0,0,2,1,5,1,1,5,31,66,188,1020,1711,1868,1231,1522,9,1,3922,3743,1,438,0,0,0,0,0,0,0,1,0,0,0,1,0,4,12,40,58,323,0,1,190,248,0,0,0,0,0,0
2020-10-04,41,7677,12,0,0,0,1,3,2,2,2,2,5,31,66,189,1023,1713,1870,1233,1524,4,8,3926,3751,1,439,0,0,0,0,0,0,0,0,1,0,0,1,0,4,12,40,58,324,1,0,191,248,0,0,0,0,0,0
2020-10-05,41,7708,31,0,0,0,1,5,6,9,5,5,5,31,66,190,1028,1719,1879,1238,1529,15,16,3941,3767,1,440,0,0,0,0,0,0,0,0,1,0,0,1,0,4,12,40,58,325,1,0,192,248,0,0,0,0,0,0
2020-10-06,41,7745,37,0,0,0,1,6,12,7,7,4,5,31,66,191,1034,1731,1886,1245,1533,22,15,3963,3782,0,440,0,0,0,0,0,0,0,0,0,0,0,1,0,4,12,40,58,325,0,0,0,0,0,0,0,0,0,0
2020-10-07,41,7781,36,0,0,0,0,4,8,12,7,5,5,31,66,191,1038,1739,1898,1252,1538,24,12,3987,3794,1,441,0,0,0,0,0,0,0,0,1,0,0,1,0,4,12,40,58,326,0,1,192,249,0,0,0,0,0,0
2020-10-08,41,7807,26,0,0,0,3,2,12,5,3,1,5,31,66,194,1040,1751,1903,1255,1539,16,10,4003,3804,1,442,0,0,0,0,0,0,0,0,1,0,0,1,0,4,12,40,58,327,0,1,192,250,0,0,0,0,0,0
2020-10-09,41,7834,27,0,0,0,1,2,7,4,6,5,5,31,66,195,1042,1758,1907,1261,1544,17,10,4020,3814,0,442,0,0,0,0,0,0,0,0,0,0,0,1,0,4,12,40,58,327,0,0,0,0,0,0,0,0,0,0
2020-10-10,41,7852,18,0,0,0,0,0,2,6,6,4,5,31,66,195,1042,1760,1913,1267,1548,13,5,4033,3819,0,442,0,0,0,0,0,0,0,0,0,0,0,1,0,4,12,40,58,327,0,0,0,0,0,0,0,0,0,0
2020-10-11,42,7859,7,0,0,0,1,2,0,1,2,1,5,31,66,196,1044,1760,1914,1269,1549,5,2,4038,3821,1,443,0,0,0,0,0,0,0,0,1,0,0,1,0,4,12,40,58,328,0,1,192,251,0,0,0,0,0,0
2020-10-12,42,7874,15,0,0,0,0,5,2,3,2,3,5,31,66,196,1049,1762,1917,1271,1552,6,9,4044,3830,1,444,0,0,0,0,0,0,0,0,1,0,0,1,0,4,12,40,58,329,0,1,192,252,0,0,0,0,0,0
2020-10-13,42,7901,27,0,0,0,2,5,6,5,4,5,5,31,66,198,1054,1768,1922,1275,1557,13,14,4057,3844,0,444,0,0,0,0,0,0,0,0,0,0,0,1,0,4,12,40,58,329,0,0,0,0,0,0,0,0,0,0
2020-10-14,42,7941,40,0,0,0,1,5,4,7,14,9,5,31,66,199,1059,1772,1929,1289,1566,22,18,4079,3862,1,445,0,0,0,0,0,0,0,0,1,0,0,1,0,4,12,40,58,330,1,0,193,252,0,0,0,0,0,0
2020-10-15,42,7973,32,0,0,0,3,7,7,5,3,7,5,31,66,202,1066,1779,1934,1292,1573,17,15,4096,3877,0,445,0,0,0,0,0,0,0,0,0,0,0,1,0,4,12,40,58,330,0,0,0,0,0,0,0,0,0,0
2020-10-16,42,8002,29,0,0,0,0,7,9,5,4,4,5,31,66,202,1073,1788,1939,1296,1577,14,15,4110,3892,1,446,0,0,0,0,0,0,0,0,1,0,0,1,0,4,12,40,58,331,1,0,194,252,0,0,0,0,0,0
2020-10-17,42,8015,13,0,0,0,0,4,1,3,4,1,5,31,66,202,1077,1789,1942,1300,1578,7,6,4117,3898,3,449,0,0,0,0,0,0,0,0,3,0,0,1,0,4,12,40,58,334,2,1,196,253,0,0,0,0,0,0
2020-10-18,43,8025,10,0,0,0,0,3,3,1,1,2,5,31,66,202,1080,1792,1943,1301,1580,5,5,4122,3903,0,449,0,0,0,0,0,0,0,0,0,0,0,1,0,4,12,40,58,334,0,0,0,0,0,0,0,0,0,0
2020-10-19,43,8073,48,0,1,0,0,13,15,11,6,2,5,32,66,202,1093,1807,1954,1307,1582,31,17,4153,3920,1,450,0,0,0,0,0,1,0,0,0,0,0,1,0,4,13,40,58,334,0,1,196,254,0,0,0,0,0,0
2020-10-20,43,8118,45,0,0,0,1,5,10,12,11,6,5,32,66,203,1098,1817,1966,1318,1588,16,29,4169,3949,0,450,0,0,0,0,0,0,0,0,0,0,0,1,0,4,13,40,58,334,0,0,0,0,0,0,0,0,0,0
2020-10-21,43,8159,41,0,0,0,1,12,11,6,5,6,5,32,66,204,1110,1828,1972,1323,1594,26,15,4195,3964,0,450,0,0,0,0,0,0,0,0,0,0,0,1,0,4,13,40,58,334,0,0,0,0,0,0,0,0,0,0
2020-10-22,43,8209,50,0,0,0,3,11,16,8,11,1,5,32,66,207,1121,1844,1980,1334,1595,30,20,4225,3984,1,451,0,0,0,0,0,0,0,0,1,0,0,1,0,4,13,40,58,335,1,0,197,254,0,0,0,0,0,0
2020-10-23,43,8262,53,0,0,0,5,8,19,9,6,6,5,32,66,212,1129,1863,1989,1340,1601,25,28,4250,4012,1,452,0,0,0,0,0,0,0,0,1,0,0,1,0,4,13,40,58,336,0,1,197,255,0,0,0,0,0,0
2020-10-24,43,8278,16,0,0,0,0,4,6,4,2,0,5,32,66,212,1133,1869,1993,1342,1601,10,6,4260,4018,1,453,0,0,0,0,0,0,0,0,1,0,0,1,0,4,13,40,58,337,0,1,197,256,0,0,0,0,0,0
2020-10-25,44,8286,8,0,0,0,0,1,1,2,0,4,5,32,66,212,1134,1870,1995,1342,1605,5,3,4265,4021,2,455,0,0,0,0,0,0,0,0,2,0,0,1,0,4,13,40,58,339,1,1,198,257,0,0,0,0,0,0
2020-10-26,44,8339,53,0,0,0,3,12,6,11,11,10,5,32,66,215,1146,1876,2006,1353,1615,28,25,4293,4046,0,455,0,0,0,0,0,0,0,0,0,0,0,1,0,4,13,40,58,339,0,0,0,0,0,0,0,0,0,0
2020-10-27,44,8410,71,0,0,1,2,13,18,11,9,17,5,32,67,217,1159,1894,2017,1362,1632,45,26,4338,4072,1,456,0,0,0,0,0,0,1,0,0,0,0,1,0,4,13,41,58,339,0,1,198,258,0,0,0,0,0,0
2020-10-28,44,8453,43,0,0,0,3,3,7,10,12,8,5,32,67,220,1162,1901,2027,1374,1640,24,19,4362,4091,1,457,0,0,0,0,0,0,0,0,1,0,0,1,0,4,13,41,58,340,0,1,198,259,0,0,0,0,0,0
2020-10-29,44,8493,40,0,0,0,3,10,12,3,7,5,5,32,67,223,1172,1913,2030,1381,1645,15,25,4377,4116,1,458,0,0,0,0,0,0,0,0,1,0,0,1,0,4,13,41,58,341,1,0,199,259,0,0,0,0,0,0
2020-10-30,44,8529,36,0,0,1,0,4,7,7,7,10,5,32,68,223,1176,1920,2037,1388,1655,19,17,4396,4133,2,460,0,0,0,0,0,0,0,1,1,0,0,1,0,4,13,41,59,342,1,1,200,260,0,0,0,0,0,0
2020-10-31,44,8552,23,0,1,0,0,1,2,6,8,5,5,33,68,223,1177,1922,2043,1396,1660,17,6,4413,4139,3,463,0,0,0,0,0,0,0,0,3,0,0,1,0,4,13,41,59,345,3,0,203,260,0,0,0,0,0,0
2020-11-01,45,8573,21,0,0,0,2,3,5,6,3,2,5,33,68,225,1180,1927,2049,1399,1662,14,7,4427,4146,0,463,0,0,0,0,0,0,0,0,0,0,0,1,0,4,13,41,59,345,0,0,0,0,0,0,0,0,0,0
2020-11-02,45,8594,21,0,0,0,1,1,5,5,7,2,5,33,68,226,1181,1932,2054,1406,1664,9,12,4436,4158,0,463,0,0,0,0,0,0,0,0,0,0,0,1,0,4,13,41,59,345,0,0,0,0,0,0,0,0,0,0
2020-11-03,45,8688,94,0,0,0,2,11,27,25,16,13,5,33,68,228,1192,1959,2079,1422,1677,55,39,4491,4197,1,464,0,0,0,0,0,0,0,0,1,0,0,1,0,4,13,41,59,346,0,1,203,261,0,0,0,0,0,0
2020-11-04,45,8730,42,0,0,0,1,4,10,12,6,9,5,33,68,229,1196,1969,2091,1428,1686,20,22,4511,4219,2,466,0,0,0,0,0,0,0,0,2,0,0,1,0,4,13,41,59,348,0,2,203,263,0,0,0,0,0,0
2020-11-05,45,8823,93,0,0,0,1,13,24,19,17,19,5,33,68,230,1209,1993,2110,1445,1705,50,43,4561,4262,2,468,0,0,0,0,0,0,0,0,2,0,0,1,0,4,13,41,59,350,1,1,204,264,0,0,0,0,0,0
2020-11-06,45,8880,57,0,0,0,1,10,18,11,8,9,5,33,68,231,1219,2011,2121,1453,1714,25,32,4586,4294,1,469,0,0,0,0,0,0,0,0,1,0,0,1,0,4,13,41,59,351,0,1,204,265,0,0,0,0,0,0
2020-11-07,45,8914,34,0,0,0,1,3,13,8,5,4,5,33,68,232,1222,2024,2129,1458,1718,17,17,4603,4311,1,470,0,0,0,0,0,0,0,0,1,0,0,1,0,4,13,41,59,352,0,1,204,266,0,0,0,0,0,0
2020-11-08,46,8930,16,7,0,0,1,1,2,3,1,0,12,33,68,233,1223,2026,2132,1459,1718,6,10,4609,4321,3,473,0,0,0,0,0,0,0,0,3,0,0,1,0,4,13,41,59,355,1,2,205,268,0,0,0,0,0,0
2020-11-09,46,9004,74,3,0,0,2,13,14,21,14,7,15,33,68,235,1236,2040,2153,1473,1725,46,28,4655,4349,0,473,0,0,0,0,0,0,0,0,0,0,0,1,0,4,13,41,59,355,0,0,0,0,0,0,0,0,0,0
2020-11-10,46,9039,35,0,0,0,0,12,3,9,7,4,15,33,68,235,1248,2043,2162,1480,1729,19,16,4674,4365,0,473,0,0,0,0,0,0,0,0,0,0,0,1,0,4,13,41,59,355,0,0,0,0,0,0,0,0,0,0
2020-11-11,46,9102,63,0,0,0,4,13,15,13,7,11,15,33,68,239,1261,2058,2175,1487,1740,36,27,4710,4392,0,473,0,0,0,0,0,0,0,0,0,0,0,1,0,4,13,41,59,355,0,0,0,0,0,0,0,0,0,0
2020-11-12,46,9183,81,0,1,1,0,13,18,17,12,19,15,34,69,239,1274,2076,2192,1499,1759,43,38,4753,4430,2,475,0,0,0,0,0,0,1,0,1,0,0,1,0,4,13,42,59,356,0,2,205,270,0,0,0,0,0,0
2020-11-13,46,9253,70,21,0,1,2,9,13,7,9,8,36,34,70,241,1283,2089,2199,1508,1767,38,32,4791,4462,4,479,0,0,0,0,0,0,0,0,4,0,0,1,0,4,13,42,59,360,1,3,206,273,0,0,0,0,0,0
2020-11-14,46,9269,16,9,0,0,0,1,1,2,1,2,45,34,70,241,1284,2090,2201,1509,1769,10,6,4801,4468,0,479,0,0,0,0,0,0,0,0,0,0,0,1,0,4,13,42,59,360,0,0,0,0,0,0,0,0,0,0
2020-11-15,47,9293,24,16,0,0,0,0,1,0,3,4,61,34,70,241,1284,2091,2201,1512,1773,10,14,4811,4482,2,481,0,0,0,0,0,0,1,0,1,0,0,1,0,4,13,43,59,361,1,1,207,274,0,0,0,0,0,0
2020-11-16,47,9390,97,0,0,0,0,20,20,23,20,14,61,34,70,241,1304,2111,2224,1532,1787,52,45,4863,4527,2,483,0,0,0,0,0,0,0,2,0,0,0,1,0,4,13,43,61,361,2,0,209,274,0,0,0,0,0,0
2020-11-17,47,9461,71,0,1,0,4,12,12,20,10,12,61,35,70,245,1316,2123,2244,1542,1799,37,34,4900,4561,2,485,0,0,0,0,0,0,0,0,2,0,0,1,0,4,13,43,61,363,2,0,211,274,0,0,0,0,0,0
2020-11-18,47,9563,102,0,0,0,3,16,23,27,19,13,61,35,70,248,1332,2146,2271,1561,1812,54,48,4954,4609,1,486,0,0,0,0,0,0,0,0,1,0,0,1,0,4,13,43,61,364,1,0,212,274,0,0,0,0,0,0
2020-11-19,47,9618,55,0,0,0,1,11,13,9,9,11,61,35,70,249,1343,2159,2280,1570,1823,39,16,4993,4625,5,491,0,0,0,0,0,0,1,0,4,0,0,1,0,4,13,44,61,368,3,2,215,276,0,0,0,0,0,0
2020-11-20,47,9637,19,0,0,0,0,1,1,9,5,3,61,35,70,249,1344,2160,2289,1575,1826,11,8,5004,4633,1,492,0,0,0,0,0,0,1,0,0,0,0,1,0,4,13,45,61,368,1,0,216,276,0,0,0,0,0,0
2020-11-21,47,9660,23,0,0,1,0,1,4,4,5,7,61,35,71,249,1345,2164,2293,1580,1833,10,13,5014,4646,0,492,0,0,0,0,0,0,0,0,0,0,0,1,0,4,13,45,61,368,0,0,0,0,0,0,0,0,0,0
2020-11-22,48,9681,21,0,0,0,3,4,2,4,7,1,61,35,71,252,1349,2166,2297,1587,1834,11,10,5025,4656,0,492,0,0,0,0,0,0,0,0,0,0,0,1,0,4,13,45,61,368,0,0,0,0,0,0,0,0,0,0
2020-11-23,48,9732,51,0,1,1,2,10,9,10,10,8,61,36,72,254,1359,2175,2307,1597,1842,25,26,5050,4682,1,493,0,0,0,0,0,0,0,0,1,0,0,1,0,4,13,45,61,369,1,0,217,276,0,0,0,0,0,0
2020-11-24,48,9804,72,0,0,0,1,7,29,13,12,10,61,36,72,255,1366,2204,2320,1609,1852,39,33,5089,4715,1,494,0,0,0,0,0,0,0,0,1,0,0,1,0,4,13,45,61,370,1,0,218,276,0,0,0,0,0,0
2020-11-25,48,9868,64,0,1,0,1,9,10,16,12,15,61,37,72,256,1375,2214,2336,1621,1867,33,31,5122,4746,1,495,0,0,0,0,0,0,0,1,0,0,0,1,0,4,13,45,62,370,1,0,219,276,0,0,0,0,0,0
2020-11-26,48,9910,42,0,0,0,0,5,11,11,7,8,61,37,72,256,1380,2225,2347,1628,1875,28,14,5150,4760,1,496,0,0,0,0,0,0,0,0,1,0,0,1,0,4,13,45,62,371,0,1,219,277,0,0,0,0,0,0
2020-11-27,48,9953,43,0,0,0,3,8,9,12,2,9,61,37,72,259,1388,2234,2359,1630,1884,22,21,5172,4781,1,497,0,0,0,0,0,0,0,0,1,0,0,1,0,4,13,45,62,372,0,1,219,278,0,0,0,0,0,0
2020-11-28,48,9982,29,0,0,0,0,7,2,7,5,8,61,37,72,259,1395,2236,2366,1635,1892,17,12,5189,4793,2,499,0,0,0,0,0,0,0,0,2,0,0,1,0,4,13,45,62,374,1,1,220,279,0,0,0,0,0,0
2020-11-29,49,10017,35,0,0,1,0,7,11,8,2,6,61,37,73,259,1402,2247,2374,1637,1898,27,8,5216,4801,1,500,0,0,0,0,0,0,0,1,0,0,0,1,0,4,13,45,63,374,0,1,220,280,0,0,0,0,0,0
2020-11-30,49,10079,62,0,0,0,3,7,12,20,11,8,61,37,73,262,1409,2259,2394,1648,1906,41,21,5257,4822,3,503,0,0,0,0,0,0,0,0,3,0,0,1,0,4,13,45,63,377,1,2,221,282,0,0,0,0,0,0
2020-12-01,49,10114,35,0,0,0,1,5,13,8,0,8,61,37,73,263,1414,2272,2402,1648,1914,11,24,5268,4846,5,508,0,0,0,0,0,0,0,1,4,0,0,1,0,4,13,45,64,381,1,4,222,286,0,0,0,0,0,0
2020-12-02,49,10147,33,0,0,0,0,2,3,13,5,10,61,37,73,263,1416,2275,2415,1653,1924,15,18,5283,4864,0,508,0,0,0,0,0,0,0,0,0,0,0,1,0,4,13,45,64,381,0,0,0,0,0,0,0,0,0,0
2020-12-03,49,10181,34,0,0,0,2,3,6,9,8,6,61,37,73,265,1419,2281,2424,1661,1930,18,16,5301,4880,2,510,0,0,0,0,0,0,0,0,2,0,0,1,0,4,13,45,64,383,1,1,223,287,0,0,0,0,0,0
2020-12-04,49,10226,45,3,0,0,1,4,8,9,7,13,64,37,73,266,1423,2289,2433,1668,1943,25,20,5326,4900,3,513,0,0,0,0,0,0,0,1,2,0,0,1,0,4,13,45,65,385,2,1,225,288,0,0,0,0,0,0
2020-12-05,49,10239,13,1,0,0,0,2,1,3,2,4,65,37,73,266,1425,2290,2436,1670,1947,5,8,5331,4908,2,515,0,0,0,0,0,0,0,1,1,0,0,1,0,4,13,45,66,386,2,0,227,288,0,0,0,0,0,0
2020-12-06,50,10251,12,0,0,0,1,1,2,2,5,1,65,37,73,267,1426,2292,2438,1675,1948,4,8,5335,4916,8,523,0,0,0,0,0,0,1,1,6,0,0,1,0,4,13,46,67,392,2,6,229,294,0,0,0,0,0,0
2020-12-07,50,10280,29,0,0,2,1,2,7,2,12,3,65,37,75,268,1428,2299,2440,1687,1951,14,15,5349,4931,4,527,0,0,0,0,0,0,0,0,4,0,0,1,0,4,13,46,67,396,4,0,233,294,0,0,0,0,0,0
2020-12-08,50,10350,70,0,0,1,2,12,14,13,11,16,65,37,76,270,1440,2313,2453,1698,1967,37,33,5386,4964,1,528,0,0,0,0,0,0,0,0,1,0,0,1,0,4,13,46,67,397,0,1,233,295,0,0,0,0,0,0
2020-12-09,50,10379,29,1,0,0,1,5,5,7,4,6,66,37,76,271,1445,2318,2460,1702,1973,18,11,5404,4975,2,530,0,0,0,0,0,0,0,1,1,0,0,1,0,4,13,46,68,398,0,2,233,297,0,0,0,0,0,0
2020-12-10,50,10412,33,0,0,0,0,3,10,7,3,10,66,37,76,271,1448,2328,2467,1705,1983,16,17,5420,4992,2,532,0,0,0,0,0,0,0,0,2,0,0,1,0,4,13,46,68,400,0,2,233,299,0,0,0,0,0,0
2020-12-11,50,10438,26,0,0,0,0,4,9,4,6,3,66,37,76,271,1452,2337,2471,1711,1986,14,12,5434,5004,1,533,0,0,0,0,0,0,0,0,1,0,0,1,0,4,13,46,68,401,0,1,233,300,0,0,0,0,0,0
2020-12-12,50,10442,4,0,0,0,0,0,1,1,0,2,66,37,76,271,1452,2338,2472,1711,1988,2,2,5436,5006,1,534,0,0,0,0,0,0,0,0,1,0,0,1,0,4,13,46,68,402,0,1,233,301,0,0,0,0,0,0
2020-12-13,51,10445,3,0,0,0,0,0,1,1,0,1,66,37,76,271,1452,2339,2473,1711,1989,1,2,5437,5008,1,535,0,0,0,0,0,0,0,0,1,0,0,1,0,4,13,46,68,403,0,1,233,302,0,0,0,0,0,0
2020-12-14,51,10460,15,0,0,0,1,3,2,3,3,3,66,37,76,272,1455,2341,2476,1714,1992,9,6,5446,5014,0,535,0,0,0,0,0,0,0,0,0,0,0,1,0,4,13,46,68,403,0,0,0,0,0,0,0,0,0,0
2020-12-15,51,10498,38,0,0,0,2,7,9,5,7,8,66,37,76,274,1462,2350,2481,1721,2000,26,12,5472,5026,1,536,0,0,0,0,0,0,0,1,0,0,0,1,0,4,13,46,69,403,0,1,233,303,0,0,0,0,0,0
2020-12-16,51,10516,18,0,0,0,1,3,1,3,5,5,66,37,76,275,1465,2351,2484,1726,2005,8,10,5480,5036,1,537,0,0,0,0,0,1,0,0,0,0,0,1,0,4,14,46,69,403,0,1,233,304,0,0,0,0,0,0
2020-12-17,51,10579,63,0,1,0,3,11,12,17,11,8,66,38,76,278,1476,2363,2501,1737,2013,37,26,5517,5062,2,539,0,0,0,0,0,0,0,0,2,0,0,1,0,4,14,46,69,405,1,1,234,305,0,0,0,0,0,0
2020-12-18,51,10596,17,0,0,0,1,6,3,3,1,3,66,38,76,279,1482,2366,2504,1738,2016,9,8,5526,5070,1,540,0,0,0,0,0,0,0,0,1,0,0,1,0,4,14,46,69,406,0,1,234,306,0,0,0,0,0,0
2020-12-19,51,10606,10,0,0,0,0,0,2,3,2,3,66,38,76,279,1482,2368,2507,1740,2019,5,5,5531,5075,1,541,0,0,0,0,0,0,0,0,1,0,0,1,0,4,14,46,69,407,0,1,234,307,0,0,0,0,0,0
2020-12-20,52,10612,6,0,0,0,0,0,1,2,1,2,66,38,76,279,1482,2369,2509,1741,2021,4,2,5535,5077,3,544,0,0,0,0,0,0,0,1,2,0,0,1,0,4,14,46,70,409,2,1,236,308,0,0,0,0,0,0
2020-12-21,52,10644,32,1,0,0,0,3,6,9,6,7,67,38,76,279,1485,2375,2518,1747,2028,18,14,5553,5091,3,547,0,0,0,0,0,1,0,0,2,0,0,1,0,4,15,46,70,411,2,1,238,309,0,0,0,0,0,0
2020-12-22,52,10669,25,0,0,1,2,1,7,3,4,7,67,38,77,281,1486,2382,2521,1751,2035,13,12,5566,5103,2,549,0,0,0,0,0,0,0,0,2,0,0,1,0,4,15,46,70,413,1,1,239,310,0,0,0,0,0,0
2020-12-23,52,10706,37,1,1,0,1,7,8,10,4,5,68,39,77,282,1493,2390,2531,1755,2040,18,19,5584,5122,0,549,0,0,0,0,0,0,0,0,0,0,0,1,0,4,15,46,70,413,0,0,0,0,0,0,0,0,0,0
2020-12-24,52,10714,8,1,0,0,0,1,1,1,2,2,69,39,77,282,1494,2391,2532,1757,2042,5,3,5589,5125,2,551,0,0,0,0,0,0,0,0,2,0,0,1,0,4,15,46,70,415,2,0,241,310,0,0,0,0,0,0
2020-12-25,52,10720,6,0,0,0,0,0,1,1,3,1,69,39,77,282,1494,2392,2533,1760,2043,1,5,5590,5130,0,551,0,0,0,0,0,0,0,0,0,0,0,1,0,4,15,46,70,415,0,0,0,0,0,0,0,0,0,0
2020-12-26,52,10730,10,1,0,0,1,4,0,2,1,1,70,39,77,283,1498,2392,2535,1761,2044,7,3,5597,5133,0,551,0,0,0,0,0,0,0,0,0,0,0,1,0,4,15,46,70,415,0,0,0,0,0,0,0,0,0,0
2020-12-27,53,10750,20,0,0,0,0,5,1,5,5,4,70,39,77,283,1503,2393,2540,1766,2048,12,8,5609,5141,1,552,0,0,0,0,0,0,0,0,1,0,0,1,0,4,15,46,70,416,1,0,242,310,0,0,0,0,0,0
2020-12-28,53,10800,50,0,0,0,0,13,5,19,5,8,70,39,77,283,1516,2398,2559,1771,2056,24,26,5633,5167,2,554,0,0,0,0,0,0,0,0,2,0,0,1,0,4,15,46,70,418,2,0,244,310,0,0,0,0,0,0
2020-12-29,53,10847,47,0,1,0,2,5,11,13,5,10,70,40,77,285,1521,2409,2572,1776,2066,30,17,5663,5184,0,554,0,0,0,0,0,0,0,0,0,0,0,1,0,4,15,46,70,418,0,0,0,0,0,0,0,0,0,0
2020-12-30,53,10919,72,1,0,1,4,10,17,17,9,13,71,40,78,289,1531,2426,2589,1785,2079,36,36,5699,5220,1,555,0,0,0,0,0,0,0,0,1,0,0,1,0,4,15,46,70,419,1,0,245,310,0,0,0,0,0,0
2020-12-31,53,10942,23,0,0,0,0,8,5,5,3,2,71,40,78,289,1539,2431,2594,1788,2081,11,12,5710,5232,0,555,0,0,0,0,0,0,0,0,0,0,0,1,0,4,15,46,70,419,0,0,0,0,0,0,0,0,0,0
2021-01-01,53,10952,10,0,0,0,0,3,0,4,1,2,71,40,78,289,1542,2431,2598,1789,2083,5,5,5715,5237,2,557,0,0,0,0,0,0,0,1,1,0,0,1,0,4,15,46,71,420,0,2,245,312,0,0,0,0,0,0
2021-01-02,53,10975,23,0,0,0,1,3,6,5,3,5,71,40,78,290,1545,2437,2603,1792,2088,13,10,5728,5247,4,561,0,0,0,0,0,0,0,0,4,0,0,1,0,4,15,46,71,424,3,1,248,313,0,0,0,0,0,0
2021-01-03,1,10994,19,0,0,0,2,4,4,4,4,1,71,40,78,292,1549,2441,2607,1796,2089,9,10,5737,5257,0,561,0,0,0,0,0,0,0,0,0,0,0,1,0,4,15,46,71,424,0,0,0,0,0,0,0,0,0,0
2021-01-04,1,11068,74,0,0,0,2,14,25,9,9,15,71,40,78,294,1563,2466,2616,1805,2104,36,38,5773,5295,1,562,0,0,0,0,0,0,0,0,1,0,0,1,0,4,15,46,71,425,1,0,249,313,0,0,0,0,0,0
2021-01-05,1,11133,65,0,0,1,0,11,9,17,10,15,71,40,79,294,1574,2475,2633,1815,2119,40,25,5813,5320,2,564,0,0,0,0,0,0,0,0,2,0,0,1,0,4,15,46,71,427,2,0,251,313,0,0,0,0,0,0
2021-01-06,1,11204,71,0,0,1,3,11,15,11,15,15,71,40,80,297,1585,2490,2644,1830,2134,36,35,5849,5355,1,565,0,0,0,0,0,0,0,0,1,0,0,1,0,4,15,46,71,428,1,0,252,313,0,0,0,0,0,0
2021-01-07,1,11236,32,0,1,0,1,5,10,6,2,7,71,41,80,298,1590,2500,2650,1832,2141,20,12,5869,5367,1,566,0,0,0,0,0,0,0,0,1,0,0,1,0,4,15,46,71,429,0,1,252,314,0,0,0,0,0,0
2021-01-08,1,11276,40,0,0,0,0,11,7,11,3,8,71,41,80,298,1601,2507,2661,1835,2149,23,17,5892,5384,1,567,0,0,0,0,0,0,0,0,1,0,0,1,0,4,15,46,71,430,1,0,253,314,0,0,0,0,0,0
2021-01-09,1,11295,19,0,0,1,0,1,5,2,6,4,71,41,81,298,1602,2512,2663,1841,2153,14,5,5906,5389,1,568,0,0,0,0,0,0,0,0,1,0,0,1,0,4,15,46,71,431,0,1,253,315,0,0,0,0,0,0
2021-01-10,2,11307,12,0,0,0,1,1,2,4,1,3,71,41,81,299,1603,2514,2667,1842,2156,4,8,5910,5397,5,573,0,0,0,0,0,0,1,1,3,0,0,1,0,4,15,47,72,434,2,3,255,318,0,0,0,0,0,0
2021-01-11,2,11347,40,0,0,0,5,10,5,7,5,8,71,41,81,304,1613,2519,2674,1847,2164,19,21,5929,5418,0,573,0,0,0,0,0,0,0,0,0,0,0,1,0,4,15,47,72,434,0,0,0,0,0,0,0,0,0,0
2021-01-12,2,11393,46,0,0,1,2,6,8,7,10,12,71,41,82,306,1619,2527,2681,1857,2176,26,20,5955,5438,1,574,0,0,0,0,0,0,0,0,1,0,0,1,0,4,15,47,72,435,1,0,256,318,0,0,0,0,0,0
2021-01-13,2,11413,20,0,0,0,0,4,5,6,1,4,71,41,82,306,1623,2532,2687,1858,2180,13,7,5968,5445,1,575,0,0,0,0,0,0,0,0,1,0,0,1,0,4,15,47,72,436,1,0,257,318,0,0,0,0,0,0
2021-01-14,2,11443,30,0,0,0,0,6,10,7,2,5,71,41,82,306,1629,2542,2694,1860,2185,13,17,5981,5462,0,575,0,0,0,0,0,0,0,0,0,0,0,1,0,4,15,47,72,436,0,0,0,0,0,0,0,0,0,0
2021-01-15,2,11466,23,0,0,0,1,2,5,7,3,5,71,41,82,307,1631,2547,2701,1863,2190,10,13,5991,5475,2,577,0,0,0,0,0,0,0,0,2,0,0,1,0,4,15,47,72,438,1,1,258,319,0,0,0,0,0,0
2021-01-16,2,11481,15,0,1,0,1,1,3,5,1,3,71,42,82,308,1632,2550,2706,1864,2193,9,6,6000,5481,1,578,0,0,0,0,0,0,0,0,1,0,0,1,0,4,15,47,72,439,1,0,259,319,0,0,0,0,0,0
2021-01-17,3,11488,7,0,0,0,0,2,2,3,0,0,71,42,82,308,1634,2552,2709,1864,2193,5,2,6005,5483,5,583,0,0,0,0,0,0,0,1,4,0,0,1,0,4,15,47,73,443,3,2,262,321,0,0,0,0,0,0
2021-01-18,3,11506,18,0,0,0,0,2,3,6,3,4,71,42,82,308,1636,2555,2715,1867,2197,8,10,6013,5493,3,586,0,0,0,0,0,0,2,0,1,0,0,1,0,4,15,49,73,444,1,2,263,323,0,0,0,0,0,0
2021-01-19,3,11538,32,1,0,1,3,4,7,3,7,6,72,42,83,311,1640,2562,2718,1874,2203,16,16,6029,5509,2,588,0,0,0,0,0,0,0,1,1,0,0,1,0,4,15,49,74,445,1,1,264,324,0,0,0,0,0,0
2021-01-20,3,11556,18,0,1,0,0,4,4,4,2,3,72,43,83,311,1644,2566,2722,1876,2206,7,11,6036,5520,0,588,0,0,0,0,0,0,0,0,0,0,0,1,0,4,15,49,74,445,0,0,0,0,0,0,0,0,0,0
2021-01-21,3,11570,14,0,0,0,1,2,6,1,1,3,72,43,83,312,1646,2572,2723,1877,2209,5,9,6041,5529,1,589,0,0,0,0,0,0,0,0,1,0,0,1,0,4,15,49,74,446,0,1,264,325,0,0,0,0,0,0
2021-01-22,3,11587,17,0,0,0,0,4,4,4,3,2,72,43,83,312,1650,2576,2727,1880,2211,9,8,6050,5537,0,589,0,0,0,0,0,0,0,0,0,0,0,1,0,4,15,49,74,446,0,0,0,0,0,0,0,0,0,0
2021-01-23,3,11612,25,0,1,0,1,4,5,6,6,2,72,44,83,313,1654,2581,2733,1886,2213,16,9,6066,5546,0,589,0,0,0,0,0,0,0,0,0,0,0,1,0,4,15,49,74,446,0,0,0,0,0,0,0,0,0,0
2021-01-24,4,11620,8,0,0,0,1,0,1,4,0,2,72,44,83,314,1654,2582,2737,1886,2215,4,4,6070,5550,0,589,0,0,0,0,0,0,0,0,0,0,0,1,0,4,15,49,74,446,0,0,0,0,0,0,0,0,0,0
2021-01-25,4,11642,22,0,0,1,0,9,4,3,2,3,72,44,84,314,1663,2586,2740,1888,2218,11,11,6081,5561,1,590,0,0,0,0,0,0,1,0,0,0,0,1,0,4,15,50,74,446,1,0,265,325,0,0,0,0,0,0
2021-01-26,4,11666,24,1,0,0,2,2,7,6,4,2,73,44,84,316,1665,2593,2746,1892,2220,13,11,6094,5572,3,593,0,0,0,0,0,0,1,0,2,0,0,1,0,4,15,51,74,448,1,2,266,327,0,0,0,0,0,0
2021-01-27,4,11703,37,0,0,0,2,4,12,9,5,5,73,44,84,318,1669,2605,2755,1897,2225,18,19,6112,5591,0,593,0,0,0,0,0,0,0,0,0,0,0,1,0,4,15,51,74,448,0,0,0,0,0,0,0,0,0,0
2021-01-28,4,11729,26,0,0,0,3,5,6,8,1,3,73,44,84,321,1674,2611,2763,1898,2228,15,11,6127,5602,1,594,0,0,0,0,0,0,0,0,1,0,0,1,0,4,15,51,74,449,0,1,266,328,0,0,0,0,0,0
2021-01-29,4,11766,37,0,0,0,1,6,10,10,4,6,73,44,84,322,1680,2621,2773,1902,2234,16,21,6143,5623,0,594,0,0,0,0,0,0,0,0,0,0,0,1,0,4,15,51,74,449,0,0,0,0,0,0,0,0,0,0
2021-01-30,4,11784,18,0,0,0,1,3,5,3,3,3,73,44,84,323,1683,2626,2776,1905,2237,7,11,6150,5634,1,595,0,0,0,0,0,0,0,0,1,0,0,1,0,4,15,51,74,450,1,0,267,328,0,0,0,0,0,0
2021-01-31,5,11798,14,0,0,0,0,1,1,5,2,5,73,44,84,323,1684,2627,2781,1907,2242,9,5,6159,5639,2,597,0,0,0,0,0,0,0,1,1,0,0,1,0,4,15,51,75,451,2,0,269,328,0,0,0,0,0,0
2021-02-01,5,11831,33,0,0,0,2,6,5,6,7,7,73,44,84,325,1690,2632,2787,1914,2249,22,11,6181,5650,1,598,0,0,0,0,0,0,0,0,1,0,0,1,0,4,15,51,75,452,1,0,270,328,0,0,0,0,0,0
2021-02-02,5,11858,27,0,0,0,1,4,6,7,5,3,73,44,84,326,1694,2638,2794,1919,2252,20,7,6201,5657,1,599,0,0,0,0,0,0,0,0,1,0,0,1,0,4,15,51,75,453,1,0,271,328,0,0,0,0,0,0
2021-02-03,5,11898,40,0,0,0,2,10,10,6,4,8,73,44,84,328,1704,2648,2800,1923,2260,24,16,6225,5673,0,599,0,0,0,0,0,0,0,0,0,0,0,1,0,4,15,51,75,453,0,0,0,0,0,0,0,0,0,0
2021-02-04,5,11947,49,0,1,0,2,5,16,7,11,7,73,45,84,330,1709,2664,2807,1934,2267,23,26,6248,5699,3,602,0,0,0,0,0,0,0,0,3,0,0,1,0,4,15,51,75,456,2,1,273,329,0,0,0,0,0,0
2021-02-05,5,11977,30,1,0,0,1,4,6,8,4,6,74,45,84,331,1713,2670,2815,1938,2273,15,15,6263,5714,0,602,0,0,0,0,0,0,0,0,0,0,0,1,0,4,15,51,75,456,0,0,0,0,0,0,0,0,0,0
2021-02-06,5,11988,11,0,0,0,0,2,3,2,2,2,74,45,84,331,1715,2673,2817,1940,2275,7,4,6270,5718,0,602,0,0,0,0,0,0,0,0,0,0,0,1,0,4,15,51,75,456,0,0,0,0,0,0,0,0,0,0
2021-02-07,6,11992,4,0,0,0,1,0,2,0,1,0,74,45,84,332,1715,2675,2817,1941,2275,1,3,6271,5721,0,602,0,0,0,0,0,0,0,0,0,0,0,1,0,4,15,51,75,456,0,0,0,0,0,0,0,0,0,0
2021-02-08,6,12029,37,0,0,0,0,8,7,17,3,2,74,45,84,332,1723,2682,2834,1944,2277,22,15,6293,5736,2,604,0,0,0,0,0,0,0,0,2,0,0,1,0,4,15,51,75,458,0,2,273,331,0,0,0,0,0,0
2021-02-09,6,12051,22,0,0,0,0,4,6,3,3,6,74,45,84,332,1727,2688,2837,1947,2283,11,11,6304,5747,1,605,0,0,0,0,0,0,0,0,1,0,0,1,0,4,15,51,75,459,0,1,273,332,0,0,0,0,0,0
2021-02-10,6,12067,16,0,0,0,3,2,3,1,2,5,74,45,84,335,1729,2691,2838,1949,2288,7,9,6311,5756,1,606,0,0,0,0,0,0,0,0,1,0,0,1,0,4,15,51,75,460,0,1,273,333,0,0,0,0,0,0
2021-02-11,6,12091,24,0,0,0,0,3,7,8,2,4,74,45,84,335,1732,2698,2846,1951,2292,12,12,6323,5768,0,606,0,0,0,0,0,0,0,0,0,0,0,1,0,4,15,51,75,460,0,0,0,0,0,0,0,0,0,0
2021-02-12,6,12102,11,0,0,0,1,2,3,4,1,0,74,45,84,336,1734,2701,2850,1952,2292,6,5,6329,5773,2,608,0,0,0,0,0,0,0,0,2,0,0,1,0,4,15,51,75,462,1,1,274,334,0,0,0,0,0,0
2021-02-13,6,12112,10,0,0,0,1,0,2,2,2,3,74,45,84,337,1734,2703,2852,1954,2295,3,7,6332,5780,2,610,0,0,0,0,0,0,0,0,2,0,0,1,0,4,15,51,75,464,1,1,275,335,0,0,0,0,0,0
2021-02-14,7,12119,7,0,0,0,0,0,1,1,4,1,74,45,84,337,1734,2704,2853,1958,2296,5,2,6337,5782,0,610,0,0,0,0,0,0,0,0,0,0,0,1,0,4,15,51,75,464,0,0,0,0,0,0,0,0,0,0
2021-02-15,7,12146,27,0,0,0,2,6,6,6,1,5,74,45,84,339,1740,2710,2859,1959,2301,13,14,6350,5796,0,610,0,0,0,0,0,0,0,0,0,0,0,1,0,4,15,51,75,464,0,0,0,0,0,0,0,0,0,0
2021-02-16,7,12174,28,0,0,0,1,7,6,7,4,3,74,45,84,340,1747,2716,2866,1963,2304,14,14,6364,5810,0,610,0,0,0,0,0,0,0,0,0,0,0,1,0,4,15,51,75,464,0,0,0,0,0,0,0,0,0,0
2021-02-17,7,12221,47,0,0,0,2,8,8,13,9,7,74,45,84,342,1755,2724,2879,1972,2311,24,23,6388,5833,1,611,0,0,0,0,0,1,0,0,0,0,0,1,0,4,16,51,75,464,1,0,276,335,0,0,0,0,0,0
2021-02-18,7,12263,42,0,0,1,1,4,9,12,7,8,74,45,85,343,1759,2733,2891,1979,2319,25,17,6413,5850,2,613,0,0,0,0,0,0,0,0,2,0,0,1,0,4,16,51,75,466,0,2,276,337,0,0,0,0,0,0
2021-02-19,7,12293,30,0,0,0,3,2,5,13,1,6,74,45,85,346,1761,2738,2904,1980,2325,18,12,6431,5862,1,614,0,0,0,0,0,0,0,0,1,0,0,1,0,4,16,51,75,467,0,1,276,338,0,0,0,0,0,0
2021-02-20,7,12309,16,0,0,0,0,4,3,1,5,3,74,45,85,346,1765,2741,2905,1985,2328,8,8,6439,5870,1,615,0,0,0,0,0,0,0,0,1,0,0,1,0,4,16,51,75,468,1,0,277,338,0,0,0,0,0,0
2021-02-21,8,12313,4,0,0,0,0,0,3,0,1,0,74,45,85,346,1765,2744,2905,1986,2328,1,3,6440,5873,1,616,0,0,0,0,0,0,0,0,1,0,0,1,0,4,16,51,75,469,1,0,278,338,0,0,0,0,0,0
2021-02-22,8,12372,59,0,0,0,4,8,10,18,7,12,74,45,85,350,1773,2754,2923,1993,2340,35,24,6475,5897,0,616,0,0,0,0,0,0,0,0,0,0,0,1,0,4,16,51,75,469,0,0,0,0,0,0,0,0,0,0
2021-02-23,8,12410,38,0,0,0,3,1,14,5,7,8,74,45,85,353,1774,2768,2928,2000,2348,23,15,6498,5912,1,617,0,0,0,0,0,0,0,0,1,0,0,1,0,4,16,51,75,470,1,0,279,338,0,0,0,0,0,0
2021-02-24,8,12442,32,0,0,0,1,3,13,4,6,5,74,45,85,354,1777,2781,2932,2006,2353,17,15,6515,5927,0,617,0,0,0,0,0,0,0,0,0,0,0,1,0,4,16,51,75,470,0,0,0,0,0,0,0,0,0,0
2021-02-25,8,12480,38,0,0,0,1,4,9,10,7,7,74,45,85,355,1781,2790,2942,2013,2360,22,16,6537,5943,2,619,0,0,0,0,0,0,0,0,2,0,0,1,0,4,16,51,75,472,1,1,280,339,0,0,0,0,0,0
2021-02-26,8,12493,13,0,2,0,1,1,3,2,1,3,74,47,85,356,1782,2793,2944,2014,2363,5,8,6542,5951,3,622,0,0,0,0,0,0,0,1,2,0,0,1,0,4,16,51,76,474,1,2,281,341,0,0,0,0,0,0
2021-02-27,8,12500,7,0,1,1,0,0,1,3,0,1,74,48,86,356,1782,2794,2947,2014,2364,3,4,6545,5955,0,622,0,0,0,0,0,0,0,0,0,0,0,1,0,4,16,51,76,474,0,0,0,0,0,0,0,0,0,0
2021-02-28,9,12506,6,0,0,0,0,2,1,2,1,0,74,48,86,356,1784,2795,2949,2015,2364,2,4,6547,5959,0,622,0,0,0,0,0,0,0,0,0,0,0,1,0,4,16,51,76,474,0,0,0,0,0,0,0,0,0,0
2021-03-01,9,12530,24,0,0,1,0,2,4,6,4,7,74,48,87,356,1786,2799,2955,2019,2371,11,13,6558,5972,1,623,0,0,0,0,0,0,0,0,1,0,0,1,0,4,16,51,76,475,0,1,281,342,0,0,0,0,0,0
2021-03-02,9,12542,12,0,0,0,0,0,4,2,4,2,74,48,87,356,1786,2803,2957,2023,2373,7,5,6565,5977,2,625,0,0,0,0,0,0,0,0,2,0,0,1,0,4,16,51,76,477,0,2,281,344,0,0,0,0,0,0
2021-03-03,9,12564,22,0,0,0,0,4,4,6,3,5,74,48,87,356,1790,2807,2963,2026,2378,16,6,6581,5983,3,628,0,0,0,0,0,0,0,1,2,0,0,1,0,4,16,51,77,479,2,1,283,345,0,0,0,0,0,0
2021-03-04,9,12586,22,0,0,0,1,3,6,6,2,4,74,48,87,357,1793,2813,2969,2028,2382,9,13,6590,5996,0,628,0,0,0,0,0,0,0,0,0,0,0,1,0,4,16,51,77,479,0,0,0,0,0,0,0,0,0,0
2021-03-05,9,12597,11,0,0,0,0,2,3,2,2,2,74,48,87,357,1795,2816,2971,2030,2384,4,7,6594,6003,5,633,0,0,0,0,0,0,1,2,2,0,0,1,0,4,16,52,79,481,3,2,286,347,0,0,0,0,0,0
2021-03-06,9,12615,18,0,0,0,0,4,4,5,2,3,74,48,87,357,1799,2820,2976,2032,2387,8,10,6602,6013,0,633,0,0,0,0,0,0,0,0,0,0,0,1,0,4,16,52,79,481,0,0,0,0,0,0,0,0,0,0
2021-03-07,10,12631,16,0,0,0,1,2,4,5,4,0,74,48,87,358,1801,2824,2981,2036,2387,6,10,6608,6023,1,634,0,0,0,0,0,0,0,1,0,0,0,1,0,4,16,52,80,481,1,0,287,347,0,0,0,0,0,0
2021-03-08,10,12673,42,0,0,0,0,5,8,13,7,9,74,48,87,358,1806,2832,2994,2043,2396,15,27,6623,6050,0,634,0,0,0,0,0,0,0,0,0,0,0,1,0,4,16,52,80,481,0,0,0,0,0,0,0,0,0,0
2021-03-09,10,12704,31,1,0,1,1,5,4,9,7,3,75,48,88,359,1811,2836,3003,2050,2399,14,17,6637,6067,2,636,0,0,0,0,0,0,0,0,2,0,0,1,0,4,16,52,80,483,0,2,287,349,0,0,0,0,0,0
2021-03-10,10,12733,29,0,0,0,0,3,5,8,3,10,75,48,88,359,1814,2841,3011,2053,2409,15,14,6652,6081,2,638,0,0,0,0,0,0,0,1,1,0,0,1,0,4,16,52,81,484,1,1,288,350,0,0,0,0,0,0
2021-03-11,10,12760,27,4,0,1,0,5,2,5,3,7,79,48,89,359,1819,2843,3016,2056,2416,18,9,6670,6090,3,641,0,0,0,0,0,0,1,0,2,0,0,1,0,4,16,53,81,486,1,2,289,352,0,0,0,0,0,0
2021-03-12,10,12803,43,4,0,0,3,6,8,10,1,11,83,48,89,362,1825,2851,3026,2057,2427,24,19,6694,6109,0,641,0,0,0,0,0,0,0,0,0,0,0,1,0,4,16,53,81,486,0,0,0,0,0,0,0,0,0,0
2021-03-13,10,12829,26,7,0,0,1,1,5,5,2,5,90,48,89,363,1826,2856,3031,2059,2432,16,10,6710,6119,0,641,0,0,0,0,0,0,0,0,0,0,0,1,0,4,16,53,81,486,0,0,0,0,0,0,0,0,0,0
2021-03-14,11,12862,33,5,0,0,3,5,4,4,5,6,95,48,89,366,1831,2860,3035,2064,2438,25,8,6735,6127,1,642,0,0,0,0,0,0,1,0,0,0,0,1,0,4,16,54,81,486,0,1,289,353,0,0,0,0,0,0
2021-03-15,11,12918,56,18,0,0,2,4,10,6,8,8,113,48,89,368,1835,2870,3041,2072,2446,27,29,6762,6156,3,645,0,0,0,0,0,1,1,0,1,0,0,1,0,4,17,55,81,487,1,2,290,355,0,0,0,0,0,0
2021-03-16,11,12982,64,37,0,0,1,2,5,8,4,7,150,48,89,369,1837,2875,3049,2076,2453,38,26,6800,6182,4,649,0,0,0,0,0,0,0,0,4,0,0,1,0,4,17,55,81,491,2,2,292,357,0,0,0,0,0,0
2021-03-17,11,13035,53,11,0,0,3,5,8,8,8,10,161,48,89,372,1842,2883,3057,2084,2463,34,19,6834,6201,2,651,0,0,0,0,0,0,0,0,2,0,0,1,0,4,17,55,81,493,2,0,294,357,0,0,0,0,0,0
2021-03-18,11,13086,51,5,0,0,2,9,7,10,11,7,166,48,89,374,1851,2890,3067,2095,2470,26,25,6860,6226,5,656,0,0,0,0,0,0,0,2,3,0,0,1,0,4,17,55,83,496,1,4,295,361,0,0,0,0,0,0
2021-03-19,11,13113,27,0,0,0,1,2,6,5,4,8,166,48,89,375,1853,2896,3072,2099,2478,13,14,6873,6240,2,658,0,0,0,0,0,0,0,0,2,0,0,1,0,4,17,55,83,498,0,2,295,363,0,0,0,0,0,0
2021-03-20,11,13152,39,0,0,1,2,5,8,10,5,7,166,48,90,377,1858,2904,3082,2104,2485,18,21,6891,6261,5,663,0,0,0,0,0,0,1,1,3,0,0,1,0,4,17,56,84,501,1,4,296,367,0,0,0,0,0,0
2021-03-21,12,13172,20,0,0,0,1,3,2,6,6,2,166,48,90,378,1861,2906,3088,2110,2487,11,9,6902,6270,7,670,0,0,0,0,0,0,1,1,5,0,0,1,0,4,17,57,85,506,4,3,300,370,0,0,0,0,0,0
2021-03-22,12,13243,71,0,2,0,4,11,14,14,12,14,166,50,90,382,1872,2920,3102,2122,2501,33,38,6935,6308,5,675,0,0,0,0,0,2,0,1,2,0,0,1,0,4,19,57,86,508,2,3,302,373,43496,23799,6457,43496,23799,6457
2021-03-23,12,13285,42,2,0,1,4,8,6,7,6,8,168,50,91,386,1880,2926,3109,2128,2509,26,16,6961,6324,3,678,0,0,0,0,0,0,0,0,3,0,0,1,0,4,19,57,86,511,2,1,304,374,0,1265,47,43496,25064,6504
2021-03-24,12,13348,63,13,0,1,1,10,3,10,11,14,181,50,92,387,1890,2929,3119,2139,2523,34,29,6995,6353,0,678,0,0,0,0,0,0,0,0,0,0,0,1,0,4,19,57,86,511,0,0,0,0,7320,1026,91,50816,26090,6595
2021-03-25,12,13401,53,9,0,1,4,3,14,11,5,6,190,50,93,391,1893,2943,3130,2144,2529,26,27,7021,6380,2,680,0,0,0,0,0,0,0,0,2,0,0,1,0,4,19,57,86,513,1,1,305,375,0,851,1510,50816,26941,8105
2021-03-26,12,13459,58,6,0,0,6,4,9,13,6,13,196,50,93,397,1897,2952,3143,2150,2542,28,30,7049,6410,6,686,0,0,0,0,0,0,1,0,5,0,0,1,0,4,19,58,86,518,2,4,307,379,0,3582,135,50816,30523,8240
2021-03-27,12,13476,17,1,0,0,1,0,3,2,2,7,197,50,93,398,1897,2955,3145,2152,2549,11,6,7060,6416,5,691,0,0,0,0,0,0,0,0,5,0,0,1,0,4,19,58,86,523,2,3,309,382,0,0,0,0,0,0
2021-03-28,13,13487,11,0,0,0,0,1,0,0,3,5,197,50,93,398,1898,2955,3145,2155,2554,5,6,7065,6422,4,695,0,0,0,0,0,0,0,0,3,0,0,1,0,4,19,58,86,526,1,3,310,385,0,0,0,0,0,0
2021-03-29,13,13536,49,34,0,0,3,1,2,5,3,1,231,50,93,401,1899,2957,3150,2158,2555,24,25,7089,6447,7,702,0,0,0,0,0,0,0,2,5,0,0,1,0,4,19,58,88,531,2,5,312,390,0,1975,442,50816,32498,8682
2021-03-30,13,13584,48,5,0,1,1,5,8,7,8,13,236,50,94,402,1904,2965,3157,2166,2568,26,22,7115,6469,7,709,0,0,0,0,0,0,1,1,4,0,0,1,0,4,19,59,89,535,3,4,315,394,0,494,306,50816,32992,8988
2021-03-31,13,13627,43,2,0,0,2,8,12,7,6,6,238,50,94,404,1912,2977,3164,2172,2574,22,21,7137,6490,2,711,1,0,0,0,0,0,0,1,0,1,0,1,0,4,19,59,90,535,1,1,316,395,0,281,284,50816,33273,9272
2021-04-01,13,13640,13,3,0,0,0,1,5,2,2,0,241,50,94,404,1913,2982,3166,2174,2574,7,6,7144,6496,2,713,0,0,0,0,1,0,0,0,1,1,0,1,0,5,19,59,90,536,2,0,318,395,0,0,0,0,0,0
2021-04-02,13,13657,17,0,0,2,0,2,5,2,1,4,241,50,96,404,1915,2987,3168,2175,2578,11,6,7155,6502,3,716,0,0,0,0,0,0,0,0,3,1,0,1,0,5,19,59,90,539,1,2,319,397,0,0,0,0,0,0
2021-04-03,13,13684,27,13,0,0,1,1,1,2,2,6,254,50,96,405,1916,2988,3170,2177,2584,12,15,7167,6517,1,717,0,0,0,0,0,0,0,0,1,1,0,1,0,5,19,59,90,540,1,0,320,397,0,0,0,0,0,0
2021-04-04,14,13701,17,3,0,0,1,1,2,4,3,3,257,50,96,406,1917,2990,3174,2180,2587,11,6,7178,6523,3,720,0,0,0,0,0,0,0,0,3,1,0,1,0,5,19,59,90,543,1,2,321,399,0,0,0,0,0,0
2021-04-05,14,13712,11,3,0,0,0,0,0,2,2,4,260,50,96,406,1917,2990,3176,2182,2591,5,6,7183,6529,4,724,0,0,0,0,0,0,0,0,3,1,0,1,0,5,19,59,90,546,1,3,322,402,5850,4946,433,56666,38219,9705
2021-04-06,14,13723,11,1,0,0,0,0,3,5,0,2,261,50,96,406,1917,2993,3181,2182,2593,6,5,7189,6534,6,730,0,0,0,0,0,0,0,1,4,1,0,1,0,5,19,59,91,550,1,5,323,407,0,809,1619,56666,39028,11324
2021-04-07,14,13725,2,0,0,0,0,0,0,1,0,1,261,50,96,406,1917,2993,3182,2182,2594,2,0,7191,6534,4,734,1,0,0,0,0,0,0,1,2,2,0,1,0,5,19,59,92,552,3,1,326,408,0,439,707,56666,39467,12031
2021-04-08,14,13727,2,0,0,0,0,0,0,2,0,0,261,50,96,406,1917,2993,3184,2182,2594,1,1,7192,6535,2,736,0,0,0,0,0,0,0,1,1,2,0,1,0,5,19,59,93,553,1,1,327,409,0,202,358,56666,39669,12389
2021-04-09,14,13734,7,0,0,0,0,4,0,1,2,0,261,50,96,406,1921,2993,3185,2184,2594,6,1,7198,6536,1,737,0,0,0,0,0,0,0,0,1,2,0,1,0,5,19,59,93,554,1,0,328,409,7860,117,328,64526,39786,12717
2021-04-10,14,13737,3,0,0,0,0,1,0,1,0,1,261,50,96,406,1922,2993,3186,2184,2595,2,1,7200,6537,5,742,1,0,0,0,0,0,1,1,1,3,0,1,0,5,19,60,94,555,3,2,331,411,0,0,0,0,0,0
2021-04-11,15,13742,5,0,0,0,0,0,1,1,1,2,261,50,96,406,1922,2994,3187,2185,2597,2,3,7202,6540,1,743,0,0,0,0,0,0,0,0,1,3,0,1,0,5,19,60,94,556,1,0,332,411,0,0,0,0,0,0
2021-04-12,15,13753,11,2,0,0,0,2,0,3,1,3,263,50,96,406,1924,2994,3190,2186,2600,8,3,7210,6543,1,744,0,0,0,0,0,0,0,0,1,3,0,1,0,5,19,60,94,557,1,0,333,411,2950,664,2681,67476,40450,15398
2021-04-13,15,13765,12,0,1,0,1,2,0,1,4,3,263,51,96,407,1926,2994,3191,2190,2603,6,6,7216,6549,2,746,0,0,0,0,0,0,0,0,2,3,0,1,0,5,19,60,94,559,2,0,335,411,0,859,0,67476,41309,15398
2021-04-14,15,13765,0,0,0,0,0,0,0,0,0,0,263,51,96,407,1926,2994,3191,2190,2603,0,0,7216,6549,1,747,0,0,0,0,0,0,0,0,1,3,0,1,0,5,19,60,94,560,0,1,335,412,6960,776,7,74436,42085,15405
2021-04-15,15,13768,3,2,0,0,0,0,0,0,0,1,265,51,96,407,1926,2994,3191,2190,2604,2,1,7218,6550,2,749,0,0,0,0,0,0,0,0,2,3,0,1,0,5,19,60,94,562,1,1,336,413,0,911,323,74436,42996,15728
2021-04-16,15,13768,0,0,0,0,0,0,0,0,0,0,265,51,96,407,1926,2994,3191,2190,2604,0,0,7218,6550,1,750,0,0,0,0,0,0,0,0,1,3,0,1,0,5,19,60,94,563,1,0,337,413,0,805,3870,74436,43801,19598
2021-04-17,15,13769,1,1,0,0,0,0,0,0,0,0,266,51,96,407,1926,2994,3191,2190,2604,1,0,7219,6550,1,751,0,0,0,0,0,0,0,0,1,3,0,1,0,5,19,60,94,564,0,1,337,414,0,0,0,0,0,0
2021-04-18,16,13769,0,0,0,0,0,0,0,0,0,0,266,51,96,407,1926,2994,3191,2190,2604,0,0,7219,6550,1,752,0,0,0,0,0,0,0,0,1,3,0,1,0,5,19,60,94,565,1,0,338,414,0,0,0,0,0,0
2021-04-19,16,13769,0,0,0,0,0,0,0,0,0,0,266,51,96,407,1926,2994,3191,2190,2604,0,0,7219,6550,0,752,0,0,0,0,0,0,0,0,0,3,0,1,0,5,19,60,94,565,0,0,0,0,9200,757,4058,83636,44558,23656
2021-04-20,16,0,0,0,0,0,0,0,0,0,0,0,0,0,0,0,0,0,0,0,0,0,0,0,0,0,752,0,0,0,0,0,0,0,0,0,3,0,1,0,5,19,60,94,565,0,0,0,0,0,555,706,83636,45113,24362
2021-04-21,16,0,0,0,0,0,0,0,0,0,0,0,0,0,0,0,0,0,0,0,0,0,0,0,0,0,752,0,0,0,0,0,0,0,0,0,3,0,1,0,5,19,60,94,565,0,0,0,0,0,1071,84,83636,46184,24446
